追跡番号,取扱局／支店名（外国交換局名）,取扱日時,ステータスコード,ステータス
494735708622,堺金岡郵便局,2023/12/23 06:34:21,30,到着
494735708622,堺金岡郵便局,2023/12/23 14:55:22,50,持ち出し中
494735708622,堺金岡郵便局,2023/12/23 16:48:20,52,お届け先にお届け済み
494735735734,筑波学園郵便局,2023/12/22 05:48:11,30,到着
494735735734,筑波学園郵便局,2023/12/22 08:18:10,50,持ち出し中
494735735734,筑波学園郵便局,2023/12/22 12:32:51,52,お届け先にお届け済み
494735769161,茅ヶ崎郵便局,2023/12/22 06:24:07,30,到着
494735769161,茅ヶ崎郵便局,2023/12/22 08:38:16,50,持ち出し中
494735769161,茅ヶ崎郵便局,2023/12/22 15:00:07,52,お届け先にお届け済み
494735770760,船橋郵便局,2023/12/22 01:34:40,30,到着
494735770760,船橋郵便局,2023/12/22 08:38:00,50,持ち出し中
494735770760,船橋郵便局,2023/12/22 12:00:54,52,お届け先にお届け済み
494735776231,目黒郵便局,2023/12/21 23:28:00,30,到着
494735776231,目黒郵便局,2023/12/22 08:42:33,50,持ち出し中
494735776231,目黒郵便局,2023/12/22 13:37:07,52,お届け先にお届け済み
494735844680,成城郵便局,2023/12/22 02:51:48,30,到着
494735844680,成城郵便局,2023/12/22 08:37:13,50,持ち出し中
494735844680,成城郵便局,2023/12/22 12:23:30,52,お届け先にお届け済み
494735897246,成田郵便局,2023/12/22 06:16:39,30,到着
494735897246,成田郵便局（大栄）,2023/12/22 09:27:05,50,持ち出し中
494735897246,成田郵便局（大栄）,2023/12/22 11:58:26,52,お届け先にお届け済み
494735912565,具志川郵便局,2023/12/26 07:24:59,30,到着
494735912565,具志川郵便局,2023/12/26 10:17:44,50,持ち出し中
494735957914,浦安郵便局,2023/12/22 01:56:32,30,到着
494735957914,浦安郵便局,2023/12/22 11:45:48,50,持ち出し中
494735957914,浦安郵便局,2023/12/22 14:22:31,52,お届け先にお届け済み
494735962114,富士吉田郵便局（山中湖）,2023/12/22 08:38:03,30,到着
494735962114,富士吉田郵便局（山中湖）,2023/12/22 09:07:54,50,持ち出し中
494735962114,富士吉田郵便局（山中湖）,2023/12/22 11:47:40,52,お届け先にお届け済み
494735980056,江南郵便局,2023/12/22 06:24:58,30,到着
494735980056,江南郵便局,2023/12/22 10:37:33,50,持ち出し中
494735980056,江南郵便局,2023/12/22 13:06:05,52,お届け先にお届け済み
494735983302,美浜郵便局,2023/12/22 04:39:19,30,到着
494735983302,美浜郵便局,2023/12/22 08:36:08,50,持ち出し中
494735983302,美浜郵便局,2023/12/22 13:21:19,52,お届け先にお届け済み
494735992866,市川郵便局,2023/12/22 01:22:35,30,到着
494735992866,市川郵便局,2023/12/22 17:23:47,50,持ち出し中
494735992866,市川郵便局,2023/12/22 18:11:13,52,お届け先にお届け済み
494736011383,大阪南郵便局,2023/12/23 09:08:43,50,持ち出し中
494736011383,大阪南郵便局,2023/12/23 10:46:40,52,お届け先にお届け済み
494736012212,伊勢原郵便局,2023/12/22 06:41:58,30,到着
494736012212,伊勢原郵便局,2023/12/22 08:34:12,50,持ち出し中
494736012212,伊勢原郵便局,2023/12/22 15:51:31,52,お届け先にお届け済み
494736021533,東久留米郵便局,2023/12/22 06:07:28,30,到着
494736021533,東久留米郵便局,2023/12/22 08:40:17,50,持ち出し中
494736021533,東久留米郵便局,2023/12/22 15:00:09,52,お届け先にお届け済み
494736021802,三郷郵便局,2023/12/22 05:46:42,30,到着
494736021802,三郷郵便局,2023/12/22 10:10:55,50,持ち出し中
494736021802,三郷郵便局,2023/12/22 11:59:59,52,お届け先にお届け済み
494736023821,美浜郵便局,2023/12/22 04:39:07,30,到着
494736023821,美浜郵便局,2023/12/22 08:52:58,50,持ち出し中
494736023821,美浜郵便局,2023/12/22 11:45:01,52,お届け先にお届け済み
494736024952,草加郵便局,2023/12/22 06:10:23,30,到着
494736024952,草加郵便局,2023/12/22 17:09:09,50,持ち出し中
494736024952,草加郵便局,2023/12/22 18:36:40,52,お届け先にお届け済み
494736027461,市川郵便局,2023/12/22 01:33:13,30,到着
494736027461,市川郵便局,2023/12/22 17:41:55,50,持ち出し中
494736027461,市川郵便局,2023/12/22 19:18:11,52,お届け先にお届け済み
494736027903,杉並南郵便局,2023/12/22 04:13:55,30,到着
494736027903,杉並南郵便局,2023/12/22 14:56:01,50,持ち出し中
494736027903,杉並南郵便局,2023/12/22 17:56:19,52,お届け先にお届け済み
494736031344,高槻北郵便局,2023/12/22 19:43:58,30,到着
494736031344,高槻北郵便局,2023/12/23 08:07:10,50,持ち出し中
494736031344,高槻北郵便局,2023/12/23 11:20:23,52,お届け先にお届け済み
494736035835,中津郵便局,2023/12/23 08:06:26,30,到着
494736035835,中津郵便局,2023/12/23 09:26:11,50,持ち出し中
494736035835,中津郵便局,2023/12/23 11:07:38,52,お届け先にお届け済み
494736036211,石川郵便局（蓬田）,2023/12/22 08:05:28,30,到着
494736036211,石川郵便局（蓬田）,2023/12/22 08:15:43,50,持ち出し中
494736036211,石川郵便局（蓬田）,2023/12/22 10:54:53,52,お届け先にお届け済み
494736041822,荻窪郵便局,2023/12/22 06:23:20,30,到着
494736041822,荻窪郵便局,2023/12/22 08:29:51,50,持ち出し中
494736041822,荻窪郵便局,2023/12/22 12:03:15,52,お届け先にお届け済み
494736042791,八王子西郵便局,2023/12/22 02:48:15,30,到着
494736042791,八王子西郵便局,2023/12/22 08:26:53,50,持ち出し中
494736042791,八王子西郵便局,2023/12/22 11:52:46,52,お届け先にお届け済み
494736043141,和歌山中央郵便局,2023/12/23 03:58:11,30,到着
494736043141,和歌山中央郵便局,2023/12/23 08:43:37,50,持ち出し中
494736043141,和歌山中央郵便局,2023/12/23 15:45:31,52,お届け先にお届け済み
494736045823,那覇中央郵便局,2023/12/25 17:32:16,30,到着
494736045823,那覇中央郵便局,2023/12/26 08:37:52,50,持ち出し中
494736047993,美浜郵便局,2023/12/22 05:01:27,30,到着
494736047993,美浜郵便局,2023/12/22 08:36:27,50,持ち出し中
494736047993,美浜郵便局,2023/12/22 12:26:46,52,お届け先にお届け済み
494736059016,船橋郵便局,2023/12/22 01:36:09,30,到着
494736059016,船橋郵便局,2023/12/22 08:17:29,50,持ち出し中
494736059016,船橋郵便局,2023/12/22 14:40:39,52,お届け先にお届け済み
494736064185,浜松郵便局,2023/12/22 20:20:52,30,到着
494736064185,浜松郵便局,2023/12/23 09:51:42,50,持ち出し中
494736064185,浜松郵便局,2023/12/23 12:12:16,52,お届け先にお届け済み
494736077021,川越西郵便局,2023/12/22 01:06:03,30,到着
494736077021,川越西郵便局,2023/12/22 07:49:04,50,持ち出し中
494736077021,川越西郵便局,2023/12/22 10:25:49,52,お届け先にお届け済み
494736081803,都筑郵便局,2023/12/22 07:38:04,30,到着
494736081803,都筑郵便局,2023/12/22 15:21:47,50,持ち出し中
494736081803,都筑郵便局,2023/12/22 17:52:45,52,お届け先にお届け済み
494736090332,山城八幡郵便局（久御山）,2023/12/22 12:50:05,30,到着
494736090332,山城八幡郵便局（久御山）,2023/12/22 14:59:25,50,持ち出し中
494736090332,山城八幡郵便局（久御山）,2023/12/22 15:48:45,52,お届け先にお届け済み
494736091382,西春郵便局,2023/12/22 07:17:37,30,到着
494736091382,西春郵便局,2023/12/22 08:53:17,50,持ち出し中
494736091382,西春郵便局,2023/12/22 12:40:18,52,お届け先にお届け済み
494736093725,春日部郵便局,2023/12/22 06:11:50,30,到着
494736093725,春日部郵便局,2023/12/22 10:17:06,50,持ち出し中
494736093725,春日部郵便局,2023/12/22 10:18:21,51,ご不在のため持ち戻り
494736093725,春日部郵便局,2023/12/22 14:51:45,52,お届け先にお届け済み
494736094042,代々木郵便局,2023/12/22 01:29:12,30,到着
494736094042,代々木郵便局,2023/12/22 16:08:00,50,持ち出し中
494736094042,代々木郵便局,2023/12/22 16:08:37,52,お届け先にお届け済み
494736094521,浜松北郵便局,2023/12/22 20:37:12,30,到着
494736094521,浜松北郵便局,2023/12/23 09:54:41,50,持ち出し中
494736094521,浜松北郵便局,2023/12/23 10:28:14,52,お届け先にお届け済み
494736094580,熊谷郵便局,2023/12/22 06:46:15,30,到着
494736094580,熊谷郵便局,2023/12/22 08:34:57,50,持ち出し中
494736094580,熊谷郵便局,2023/12/22 14:45:21,52,お届け先にお届け済み
494736094882,天王寺郵便局,2023/12/22 22:02:37,30,到着
494736094882,天王寺郵便局,2023/12/23 08:16:11,50,持ち出し中
494736094882,天王寺郵便局,2023/12/23 12:36:43,52,お届け先にお届け済み
494736095140,平塚郵便局,2023/12/22 05:42:27,30,到着
494736095140,平塚郵便局,2023/12/22 08:56:32,50,持ち出し中
494736095140,平塚郵便局,2023/12/22 11:32:00,52,お届け先にお届け済み
494736095803,八王子南郵便局,2023/12/22 04:39:34,30,到着
494736095803,八王子南郵便局,2023/12/22 11:42:23,50,持ち出し中
494736095803,八王子南郵便局,2023/12/22 15:18:51,52,お届け先にお届け済み
494736098043,杉並郵便局,2023/12/22 04:45:57,30,到着
494736098043,杉並郵便局,2023/12/22 08:19:50,50,持ち出し中
494736098043,杉並郵便局,2023/12/22 15:49:10,52,お届け先にお届け済み
494736098323,堺中郵便局,2023/12/22 20:17:54,30,到着
494736098323,堺中郵便局,2023/12/23 17:58:17,64,保管
494736098323,堺中郵便局,2023/12/23 17:57:01,50,持ち出し中
494736098323,堺中郵便局,2023/12/24 10:27:35,50,持ち出し中
494736098323,堺中郵便局,2023/12/24 10:51:52,52,お届け先にお届け済み
494736098393,江南郵便局,2023/12/22 07:01:00,30,到着
494736098393,江南郵便局,2023/12/22 13:33:35,50,持ち出し中
494736098393,江南郵便局,2023/12/22 15:54:42,52,お届け先にお届け済み
494736098710,宜野湾郵便局,2023/12/25 21:11:54,30,到着
494736100224,住之江郵便局,2023/12/22 18:53:06,30,到着
494736100224,住之江郵便局,2023/12/23 13:57:55,50,持ち出し中
494736100224,住之江郵便局,2023/12/23 14:56:53,52,お届け先にお届け済み
494736100681,小山郵便局,2023/12/22 05:16:32,30,到着
494736100681,小山郵便局,2023/12/22 08:22:52,50,持ち出し中
494736100681,小山郵便局,2023/12/22 10:45:38,52,お届け先にお届け済み
494736101790,浜松東郵便局,2023/12/22 13:44:19,30,到着
494736101790,浜松東郵便局,2023/12/23 08:35:02,50,持ち出し中
494736101790,浜松東郵便局,2023/12/23 14:17:49,52,お届け先にお届け済み
494736103002,厚木北郵便局,2023/12/22 06:17:09,30,到着
494736103002,厚木北郵便局,2023/12/22 08:28:06,50,持ち出し中
494736103002,厚木北郵便局,2023/12/22 15:22:40,52,お届け先にお届け済み
494736104030,帯広郵便局,2023/12/23 14:13:14,30,到着
494736104030,帯広郵便局,2023/12/24 13:08:36,50,持ち出し中
494736104030,帯広郵便局,2023/12/24 13:54:25,52,お届け先にお届け済み
494736104855,日野郵便局,2023/12/22 06:29:33,30,到着
494736104855,日野郵便局,2023/12/22 09:54:44,50,持ち出し中
494736104855,日野郵便局,2023/12/22 17:38:08,52,お届け先にお届け済み
494736105802,蟹江郵便局,2023/12/22 07:25:07,30,到着
494736105802,蟹江郵便局,2023/12/22 14:14:17,50,持ち出し中
494736105802,蟹江郵便局,2023/12/22 15:04:00,52,お届け先にお届け済み
494736106034,沼津郵便局,2023/12/22 05:58:47,30,到着
494736106034,沼津郵便局,2023/12/22 10:09:46,50,持ち出し中
494736106034,沼津郵便局,2023/12/22 15:47:25,52,お届け先にお届け済み
494736106163,三島郵便局,2023/12/22 06:58:28,30,到着
494736106163,三島郵便局,2023/12/22 10:02:24,50,持ち出し中
494736106163,三島郵便局,2023/12/22 15:18:25,52,お届け先にお届け済み
494736113454,浦安郵便局,2023/12/22 01:58:24,30,到着
494736113454,浦安郵便局,2023/12/22 07:49:55,62,差出人に返送
494736113454,城東郵便局,2023/12/23 03:41:37,30,到着
494736113454,城東郵便局,2023/12/23 10:16:46,50,持ち出し中
494736113454,城東郵便局,2023/12/23 15:15:17,52,お届け先にお届け済み
494736113885,千歳郵便局,2023/12/22 02:34:42,30,到着
494736113885,千歳郵便局,2023/12/22 08:22:26,50,持ち出し中
494736113885,千歳郵便局,2023/12/22 14:40:06,52,お届け先にお届け済み
494736114165,首里北郵便局,2023/12/26 06:39:13,30,到着
494736114165,首里北郵便局,2023/12/26 09:08:58,50,持ち出し中
494736117540,千歳郵便局,2023/12/22 02:34:56,30,到着
494736117540,千歳郵便局,2023/12/22 09:43:09,50,持ち出し中
494736117540,千歳郵便局,2023/12/22 10:37:42,52,お届け先にお届け済み
494736123405,塩釜郵便局（松島）,2023/12/23 07:22:44,30,到着
494736123405,塩釜郵便局（松島）,2023/12/23 08:43:31,50,持ち出し中
494736123405,塩釜郵便局（松島）,2023/12/23 13:55:55,52,お届け先にお届け済み
494736127071,那覇東郵便局,2023/12/25 21:08:52,30,到着
494736127071,那覇東郵便局,2023/12/26 08:35:04,50,持ち出し中
494736127410,草加郵便局,2023/12/22 06:30:59,30,到着
494736127410,草加郵便局,2023/12/22 08:33:50,50,持ち出し中
494736127410,草加郵便局,2023/12/22 12:16:04,52,お届け先にお届け済み
494736129355,さいたま中央郵便局,2023/12/22 05:56:25,30,到着
494736129355,さいたま中央郵便局,2023/12/22 13:47:59,50,持ち出し中
494736129355,さいたま中央郵便局,2023/12/22 15:43:47,52,お届け先にお届け済み
494736129952,葛飾新宿郵便局,2023/12/21 22:29:00,30,到着
494736129952,葛飾新宿郵便局,2023/12/22 08:51:55,50,持ち出し中
494736129952,葛飾新宿郵便局,2023/12/22 16:08:15,52,お届け先にお届け済み
494736132531,新仙台郵便局（富谷）,2023/12/22 16:17:00,30,到着
494736132531,新仙台郵便局（富谷）,2023/12/23 13:57:00,52,お届け先にお届け済み
494736132811,鹿児島南郵便局,2023/12/23 04:30:27,30,到着
494736132811,鹿児島南郵便局,2023/12/23 11:10:16,62,差出人に返送
494736132811,城東郵便局,2023/12/25 03:04:28,30,到着
494736132811,城東郵便局,2023/12/25 08:48:16,50,持ち出し中
494736132811,城東郵便局,2023/12/25 13:55:42,52,お届け先にお届け済み
494736137151,浅草郵便局,2023/12/22 04:52:01,30,到着
494736137151,浅草郵便局,2023/12/22 08:25:27,50,持ち出し中
494736137151,浅草郵便局,2023/12/22 12:08:58,52,お届け先にお届け済み
494736138864,瀬戸郵便局,2023/12/22 06:18:52,30,到着
494736138864,瀬戸郵便局,2023/12/22 08:28:56,50,持ち出し中
494736138864,瀬戸郵便局,2023/12/22 11:17:15,52,お届け先にお届け済み
494736138982,蒲田郵便局,2023/12/22 02:55:53,30,到着
494736138982,蒲田郵便局,2023/12/22 08:23:23,50,持ち出し中
494736138982,蒲田郵便局,2023/12/22 12:13:09,52,お届け先にお届け済み
494736139881,長岡郵便局,2023/12/22 16:31:56,30,到着
494736139881,長岡郵便局,2023/12/23 12:08:29,50,持ち出し中
494736139881,長岡郵便局,2023/12/23 12:34:28,52,お届け先にお届け済み
494736140253,宇都宮東郵便局,2023/12/22 03:50:33,30,到着
494736140253,宇都宮東郵便局,2023/12/22 15:44:07,50,持ち出し中
494736140253,宇都宮東郵便局,2023/12/22 15:45:47,52,お届け先にお届け済み
494736142832,諫早郵便局,2023/12/23 06:10:26,30,到着
494736142832,諫早郵便局,2023/12/23 10:14:31,50,持ち出し中
494736142832,諫早郵便局,2023/12/23 11:05:01,52,お届け先にお届け済み
494736149014,大崎郵便局,2023/12/22 03:25:56,90,※事故
494736149014,品川郵便局,2023/12/22 21:48:06,30,到着
494736149014,品川郵便局,2023/12/23 13:53:53,50,持ち出し中
494736149014,品川郵便局,2023/12/23 14:44:27,52,お届け先にお届け済み
494736150941,鹿児島南郵便局,2023/12/23 04:29:56,30,到着
494736150941,鹿児島南郵便局,2023/12/23 12:17:27,50,持ち出し中
494736150941,鹿児島南郵便局,2023/12/23 13:25:39,52,お届け先にお届け済み
494736151416,古河郵便局,2023/12/22 07:18:01,30,到着
494736151416,古河郵便局,2023/12/22 08:32:56,50,持ち出し中
494736151416,古河郵便局,2023/12/22 12:36:47,52,お届け先にお届け済み
494736151431,東根郵便局,2023/12/22 16:26:16,30,到着
494736151431,東根郵便局,2023/12/23 09:01:40,50,持ち出し中
494736151431,東根郵便局,2023/12/23 09:59:43,52,お届け先にお届け済み
494736151744,堺金岡郵便局,2023/12/23 06:34:28,30,到着
494736151744,堺金岡郵便局,2023/12/23 17:44:41,50,持ち出し中
494736151744,堺金岡郵便局,2023/12/23 17:46:16,65,調査中
494736151744,城東郵便局,2023/12/25 05:02:20,30,到着
494736151744,城東郵便局,2023/12/25 08:45:30,50,持ち出し中
494736151744,城東郵便局,2023/12/25 13:55:42,52,お届け先にお届け済み
494736151755,杉並南郵便局,2023/12/22 04:54:40,30,到着
494736151755,杉並南郵便局,2023/12/22 14:18:26,50,持ち出し中
494736151755,杉並南郵便局,2023/12/22 14:56:08,52,お届け先にお届け済み
494736151906,生野郵便局,2023/12/22 19:27:54,30,到着
494736151906,生野郵便局,2023/12/23 12:20:53,50,持ち出し中
494736151906,生野郵便局,2023/12/23 14:21:06,52,お届け先にお届け済み
494736152002,見附郵便局,2023/12/22 15:25:09,30,到着
494736152002,見附郵便局,2023/12/23 08:24:31,50,持ち出し中
494736152002,見附郵便局,2023/12/23 10:56:59,52,お届け先にお届け済み
494736153520,大竹郵便局,2023/12/23 07:45:09,30,到着
494736153520,大竹郵便局,2023/12/23 11:58:31,50,持ち出し中
494736153520,大竹郵便局,2023/12/23 13:16:41,52,お届け先にお届け済み
494736153726,美濃加茂郵便局,2023/12/22 19:23:49,30,到着
494736153726,美濃加茂郵便局,2023/12/23 09:08:54,50,持ち出し中
494736153726,美濃加茂郵便局,2023/12/23 12:16:57,52,お届け先にお届け済み
494736155421,足立郵便局,2023/12/22 02:18:41,30,到着
494736155421,足立郵便局,2023/12/22 08:52:43,50,持ち出し中
494736155421,足立郵便局,2023/12/22 15:38:27,52,お届け先にお届け済み
494736156762,茂原郵便局,2023/12/22 05:25:43,30,到着
494736156762,茂原郵便局（長南）,2023/12/22 09:00:05,30,到着
494736156762,茂原郵便局（長南）,2023/12/22 09:24:07,50,持ち出し中
494736156762,茂原郵便局（長南）,2023/12/22 10:06:18,52,お届け先にお届け済み
494736157215,小平郵便局,2023/12/22 06:52:47,30,到着
494736157355,調布郵便局,2023/12/22 06:01:38,30,到着
494736157355,調布郵便局,2023/12/22 08:41:05,50,持ち出し中
494736157355,調布郵便局,2023/12/22 14:57:44,52,お届け先にお届け済み
494736157941,大森郵便局,2023/12/22 03:09:33,30,到着
494736157941,大森郵便局,2023/12/22 08:51:29,50,持ち出し中
494736157941,大森郵便局,2023/12/22 17:24:20,52,お届け先にお届け済み
494736157963,市川郵便局,2023/12/22 01:26:57,30,到着
494736157963,市川郵便局,2023/12/22 10:14:24,50,持ち出し中
494736157963,市川郵便局,2023/12/22 15:42:59,52,お届け先にお届け済み
494736158976,八王子郵便局,2023/12/22 03:24:08,30,到着
494736158976,八王子郵便局,2023/12/22 12:03:32,50,持ち出し中
494736158976,八王子郵便局,2023/12/22 15:51:11,52,お届け先にお届け済み
494736159562,上田郵便局,2023/12/22 16:09:44,30,到着
494736159562,上田郵便局,2023/12/23 08:49:46,50,持ち出し中
494736159562,上田郵便局,2023/12/23 13:55:51,52,お届け先にお届け済み
494736159632,金沢中央郵便局,2023/12/24 14:16:58,30,到着
494736159632,金沢中央郵便局,2023/12/24 14:17:05,65,調査中
494736159676,甚目寺郵便局,2023/12/22 07:59:36,30,到着
494736159676,甚目寺郵便局,2023/12/22 14:03:26,50,持ち出し中
494736159676,甚目寺郵便局,2023/12/22 15:27:47,52,お届け先にお届け済み
494736159761,中京郵便局,2023/12/22 15:16:32,30,到着
494736159761,中京郵便局,2023/12/23 12:58:41,50,持ち出し中
494736159761,中京郵便局,2023/12/23 13:37:02,52,お届け先にお届け済み
494736160962,上田郵便局,2023/12/22 16:10:25,30,到着
494736160962,上田郵便局,2023/12/23 09:39:45,50,持ち出し中
494736160962,上田郵便局,2023/12/23 10:55:01,52,お届け先にお届け済み
494736161135,柏郵便局,2023/12/22 03:24:05,30,到着
494736161135,柏郵便局,2023/12/22 17:08:00,50,持ち出し中
494736161135,柏郵便局,2023/12/22 17:08:34,52,お届け先にお届け済み
494736161356,名古屋東郵便局,2023/12/22 05:31:45,30,到着
494736161356,名古屋東郵便局,2023/12/22 11:02:49,50,持ち出し中
494736161356,名古屋東郵便局,2023/12/22 13:05:17,52,お届け先にお届け済み
494736161544,豊川郵便局,2023/12/23 07:12:00,50,持ち出し中
494736161603,千歳郵便局,2023/12/22 02:19:18,30,到着
494736161603,千歳郵便局,2023/12/22 09:38:30,50,持ち出し中
494736161603,千歳郵便局,2023/12/22 16:04:32,52,お届け先にお届け済み
494736161695,神戸山田郵便局,2023/12/23 07:02:30,30,到着
494736161695,神戸山田郵便局,2023/12/23 12:28:39,50,持ち出し中
494736161695,神戸山田郵便局,2023/12/23 15:00:48,52,お届け先にお届け済み
494736161813,知多郵便局,2023/12/22 16:59:45,30,到着
494736161813,知多郵便局,2023/12/23 14:59:36,50,持ち出し中
494736161813,知多郵便局,2023/12/23 16:00:21,52,お届け先にお届け済み
494736162071,板橋北郵便局,2023/12/22 04:33:45,30,到着
494736162071,板橋北郵便局,2023/12/22 08:26:24,50,持ち出し中
494736162071,板橋北郵便局,2023/12/22 14:08:36,52,お届け先にお届け済み
494736163353,牛込郵便局,2023/12/22 02:43:28,30,到着
494736163353,牛込郵便局,2023/12/22 09:35:16,50,持ち出し中
494736163353,牛込郵便局,2023/12/22 15:11:23,52,お届け先にお届け済み
494736164381,八王子西郵便局,2023/12/22 02:49:39,30,到着
494736164381,八王子西郵便局,2023/12/22 08:26:47,50,持ち出し中
494736164381,八王子西郵便局,2023/12/22 11:15:32,52,お届け先にお届け済み
494736165022,曽根郵便局,2023/12/23 07:12:35,30,到着
494736165022,曽根郵便局,2023/12/23 10:46:11,50,持ち出し中
494736165022,曽根郵便局,2023/12/23 14:44:24,52,お届け先にお届け済み
494736165965,鎌倉郵便局,2023/12/22 07:14:48,30,到着
494736165965,鎌倉郵便局,2023/12/22 08:58:29,50,持ち出し中
494736165965,鎌倉郵便局,2023/12/22 10:30:58,52,お届け先にお届け済み
494736166153,美浜郵便局,2023/12/22 04:55:50,30,到着
494736166153,美浜郵便局,2023/12/22 09:24:06,50,持ち出し中
494736166153,美浜郵便局,2023/12/22 11:12:10,52,お届け先にお届け済み
494736166304,王子郵便局,2023/12/22 03:25:54,30,到着
494736166304,王子郵便局,2023/12/22 08:22:26,50,持ち出し中
494736166304,王子郵便局,2023/12/22 09:59:06,52,お届け先にお届け済み
494736166330,東松山郵便局,2023/12/22 06:08:09,30,到着
494736166330,東松山郵便局（嵐山）,2023/12/22 09:12:00,50,持ち出し中
494736166330,東松山郵便局（嵐山）,2023/12/22 10:05:30,52,お届け先にお届け済み
494736166724,さいたま中央郵便局,2023/12/22 05:46:47,30,到着
494736166724,さいたま中央郵便局,2023/12/22 14:10:14,50,持ち出し中
494736166724,さいたま中央郵便局,2023/12/22 15:50:57,52,お届け先にお届け済み
494736167461,仙台東郵便局,2023/12/22 20:10:15,30,到着
494736167461,仙台東郵便局,2023/12/23 17:25:38,50,持ち出し中
494736167461,仙台東郵便局,2023/12/23 18:11:25,52,お届け先にお届け済み
494736167726,石岡郵便局,2023/12/22 04:34:56,30,到着
494736167726,石岡郵便局,2023/12/22 09:20:38,50,持ち出し中
494736167726,石岡郵便局,2023/12/22 15:44:15,52,お届け先にお届け済み
494736168194,新潟中央郵便局,2023/12/22 16:51:35,30,到着
494736168194,新潟中央郵便局,2023/12/23 09:34:17,50,持ち出し中
494736168194,新潟中央郵便局,2023/12/23 15:15:08,52,お届け先にお届け済み
494736168242,鶴見郵便局,2023/12/22 02:46:15,30,到着
494736168242,鶴見郵便局,2023/12/22 14:07:31,50,持ち出し中
494736168242,鶴見郵便局,2023/12/22 15:42:30,52,お届け先にお届け済み
494736168894,熊本中央郵便局,2023/12/23 03:06:57,30,到着
494736168894,熊本中央郵便局,2023/12/23 10:32:49,50,持ち出し中
494736168894,熊本中央郵便局,2023/12/23 13:30:14,52,お届け先にお届け済み
494736169686,天白郵便局,2023/12/22 05:57:21,30,到着
494736169686,天白郵便局,2023/12/22 08:38:50,50,持ち出し中
494736169686,天白郵便局,2023/12/22 16:34:22,52,お届け先にお届け済み
494736170773,大垣郵便局,2023/12/22 15:41:01,30,到着
494736170773,大垣郵便局,2023/12/23 09:50:31,50,持ち出し中
494736170773,大垣郵便局,2023/12/23 16:33:39,52,お届け先にお届け済み
494736172103,北見郵便局,2023/12/23 23:30:25,30,到着
494736172103,北見郵便局,2023/12/24 11:46:35,50,持ち出し中
494736172103,北見郵便局,2023/12/24 13:40:53,52,お届け先にお届け済み
494736172195,博多北郵便局,2023/12/23 03:26:31,30,到着
494736172195,博多北郵便局,2023/12/23 16:30:00,50,持ち出し中
494736172195,博多北郵便局,2023/12/23 16:30:39,52,お届け先にお届け済み
494736173061,豊平郵便局,2023/12/23 06:06:47,30,到着
494736173061,豊平郵便局,2023/12/23 08:21:16,50,持ち出し中
494736173061,豊平郵便局,2023/12/23 10:40:56,52,お届け先にお届け済み
494736173374,岩井郵便局,2023/12/22 06:05:32,30,到着
494736173374,岩井郵便局,2023/12/22 18:02:33,60,※保管
494736173374,岩井郵便局,2023/12/22 08:49:30,50,持ち出し中
494736173374,岩井郵便局,2023/12/22 14:13:26,51,ご不在のため持ち戻り
494736173374,岩井郵便局,2023/12/22 18:02:33,53,窓口でお渡し
494736173680,さいたま中央郵便局,2023/12/22 05:46:54,30,到着
494736173680,さいたま中央郵便局,2023/12/22 08:34:24,50,持ち出し中
494736173680,さいたま中央郵便局,2023/12/22 10:18:04,52,お届け先にお届け済み
494736173750,富士郵便局,2023/12/22 07:12:38,30,到着
494736173750,富士郵便局,2023/12/22 09:41:43,50,持ち出し中
494736173750,富士郵便局,2023/12/22 11:46:33,52,お届け先にお届け済み
494736174214,鎌倉郵便局,2023/12/22 07:11:38,30,到着
494736174214,鎌倉郵便局,2023/12/22 08:29:03,50,持ち出し中
494736174214,鎌倉郵便局,2023/12/22 08:29:21,65,調査中
494736174214,城東郵便局,2023/12/23 03:14:06,30,到着
494736174214,城東郵便局,2023/12/23 10:16:49,50,持ち出し中
494736174214,城東郵便局,2023/12/23 15:15:17,52,お届け先にお届け済み
494736175850,佐倉郵便局,2023/12/22 06:26:17,30,到着
494736175850,佐倉郵便局,2023/12/22 08:14:33,50,持ち出し中
494736175850,佐倉郵便局,2023/12/22 12:36:14,52,お届け先にお届け済み
494736176222,杉並郵便局,2023/12/22 05:39:46,30,到着
494736176222,杉並郵便局,2023/12/22 11:36:00,50,持ち出し中
494736176222,杉並郵便局,2023/12/22 11:36:59,52,お届け先にお届け済み
494736176664,上尾郵便局,2023/12/22 03:37:15,30,到着
494736176664,上尾郵便局,2023/12/22 08:29:06,50,持ち出し中
494736176664,上尾郵便局,2023/12/22 16:49:25,52,お届け先にお届け済み
494736176815,晴海郵便局,2023/12/22 02:24:50,30,到着
494736176815,晴海郵便局（京橋）,2023/12/22 12:34:00,50,持ち出し中
494736176815,晴海郵便局（京橋）,2023/12/22 12:34:46,65,調査中
494736176815,城東郵便局,2023/12/23 03:15:10,30,到着
494736176815,城東郵便局,2023/12/23 10:16:56,50,持ち出し中
494736176815,城東郵便局,2023/12/23 15:15:17,52,お届け先にお届け済み
494736176900,豊田北郵便局,2023/12/22 18:25:29,30,到着
494736176900,豊田北郵便局,2023/12/23 09:19:09,50,持ち出し中
494736176900,豊田北郵便局,2023/12/23 11:33:42,52,お届け先にお届け済み
494736177541,神田郵便局,2023/12/22 01:56:49,30,到着
494736177541,神田郵便局,2023/12/22 10:27:58,50,持ち出し中
494736177541,神田郵便局,2023/12/22 13:36:03,52,お届け先にお届け済み
494736177644,成城郵便局,2023/12/22 03:42:52,30,到着
494736177644,成城郵便局,2023/12/22 08:36:34,50,持ち出し中
494736177644,成城郵便局,2023/12/22 14:58:44,52,お届け先にお届け済み
494736177740,横浜旭郵便局,2023/12/22 07:36:43,30,到着
494736177740,横浜旭郵便局,2023/12/22 08:50:28,50,持ち出し中
494736177740,横浜旭郵便局,2023/12/22 17:01:09,52,お届け先にお届け済み
494736178506,城東郵便局,2023/12/21 23:17:01,30,到着
494736178506,城東郵便局,2023/12/22 11:15:00,50,持ち出し中
494736178506,城東郵便局,2023/12/22 11:25:22,52,お届け先にお届け済み
494736178764,長崎北郵便局,2023/12/23 07:04:36,90,※事故
494736178764,長崎東郵便局,2023/12/23 13:53:05,30,到着
494736178764,長崎東郵便局,2023/12/23 14:31:42,50,持ち出し中
494736178764,長崎東郵便局,2023/12/23 15:22:44,52,お届け先にお届け済み
494736178786,新潟中央郵便局,2023/12/22 16:47:11,30,到着
494736178786,新潟中央郵便局,2023/12/23 10:26:27,50,持ち出し中
494736178786,新潟中央郵便局,2023/12/23 11:51:02,52,お届け先にお届け済み
494736178801,長野南郵便局,2023/12/22 13:23:00,30,到着
494736178801,長野南郵便局,2023/12/22 14:04:18,50,持ち出し中
494736178801,長野南郵便局,2023/12/22 14:27:45,52,お届け先にお届け済み
494736179140,山形南郵便局,2023/12/23 04:10:43,30,到着
494736179140,山形南郵便局,2023/12/23 08:28:51,50,持ち出し中
494736179140,山形南郵便局,2023/12/23 13:43:57,52,お届け先にお届け済み
494736179556,緑郵便局,2023/12/22 07:10:52,30,到着
494736179556,緑郵便局,2023/12/22 08:26:14,50,持ち出し中
494736179556,緑郵便局,2023/12/22 15:54:30,52,お届け先にお届け済み
494736179980,世田谷郵便局,2023/12/21 23:19:47,30,到着
494736179980,世田谷郵便局,2023/12/22 12:19:44,50,持ち出し中
494736179980,世田谷郵便局,2023/12/22 15:13:42,52,お届け先にお届け済み
494736180886,浪速郵便局,2023/12/22 13:18:45,30,到着
494736180886,浪速郵便局,2023/12/23 14:12:00,50,持ち出し中
494736181155,可部郵便局,2023/12/23 06:25:58,30,到着
494736181155,可部郵便局,2023/12/23 08:33:01,50,持ち出し中
494736181155,可部郵便局,2023/12/23 09:28:49,52,お届け先にお届け済み
494736181166,千歳郵便局,2023/12/22 02:38:51,30,到着
494736181166,千歳郵便局,2023/12/22 09:36:06,50,持ち出し中
494736181166,千歳郵便局,2023/12/22 10:42:08,52,お届け先にお届け済み
494736181424,八日市場郵便局,2023/12/22 06:46:45,30,到着
494736181424,八日市場郵便局（横芝）,2023/12/22 15:46:11,62,差出人に返送
494736181424,城東郵便局,2023/12/23 05:29:04,30,到着
494736181424,城東郵便局,2023/12/23 10:17:08,50,持ち出し中
494736181424,城東郵便局,2023/12/23 15:15:17,52,お届け先にお届け済み
494736181564,本所郵便局,2023/12/22 04:34:14,30,到着
494736181564,本所郵便局,2023/12/22 09:56:47,50,持ち出し中
494736181564,本所郵便局,2023/12/22 10:29:05,52,お届け先にお届け済み
494736182415,花見川郵便局,2023/12/22 05:30:02,30,到着
494736182415,花見川郵便局,2023/12/22 13:47:14,50,持ち出し中
494736182415,花見川郵便局,2023/12/22 14:56:40,52,お届け先にお届け済み
494736183351,大和郵便局,2023/12/22 06:51:48,30,到着
494736183351,大和郵便局,2023/12/22 09:39:34,50,持ち出し中
494736183351,大和郵便局,2023/12/22 11:30:01,52,お届け先にお届け済み
494736183572,調布郵便局,2023/12/22 06:02:06,30,到着
494736183572,調布郵便局,2023/12/22 08:51:42,50,持ち出し中
494736183572,調布郵便局,2023/12/22 12:19:11,52,お届け先にお届け済み
494736183911,日野郵便局,2023/12/22 06:38:23,30,到着
494736183911,日野郵便局,2023/12/22 08:39:13,50,持ち出し中
494736183911,日野郵便局,2023/12/22 15:50:57,52,お届け先にお届け済み
494736184541,札幌南郵便局,2023/12/23 05:43:07,30,到着
494736184541,札幌南郵便局,2023/12/23 09:22:21,50,持ち出し中
494736184541,札幌南郵便局,2023/12/23 15:32:14,52,お届け先にお届け済み
494736184725,京都中央郵便局,2023/12/22 23:19:13,30,到着
494736184725,京都中央郵便局,2023/12/23 08:32:35,50,持ち出し中
494736184725,京都中央郵便局,2023/12/23 12:31:20,51,ご不在のため持ち戻り
494736184725,京都中央郵便局,2023/12/25 12:44:20,60,※保管
494736184725,京都中央郵便局,2023/12/25 14:32:35,50,持ち出し中
494736184725,京都中央郵便局,2023/12/25 15:40:12,52,お届け先にお届け済み
494736185952,松本南郵便局,2023/12/22 08:18:10,12,中継
494736185952,松本南郵便局（浅間温泉）,2023/12/22 16:25:37,30,到着
494736185952,松本南郵便局（浅間温泉）,2023/12/23 09:22:43,50,持ち出し中
494736185952,松本南郵便局（浅間温泉）,2023/12/23 10:47:47,52,お届け先にお届け済み
494736186744,岡山東郵便局,2023/12/23 05:20:46,30,到着
494736186744,岡山東郵便局,2023/12/23 12:50:48,50,持ち出し中
494736186744,岡山東郵便局,2023/12/23 14:18:29,52,お届け先にお届け済み
494736187750,彦根郵便局（米原）,2023/12/23 09:43:16,50,持ち出し中
494736187750,彦根郵便局（米原）,2023/12/23 12:34:46,52,お届け先にお届け済み
494736187816,津山郵便局,2023/12/23 05:59:56,30,到着
494736187816,津山郵便局,2023/12/23 10:24:17,50,持ち出し中
494736187816,津山郵便局,2023/12/23 13:45:58,52,お届け先にお届け済み
494736187956,小岩郵便局,2023/12/21 23:17:32,30,到着
494736187956,小岩郵便局,2023/12/22 08:49:52,50,持ち出し中
494736187956,小岩郵便局,2023/12/22 10:39:38,52,お届け先にお届け済み
494736189150,曽根郵便局,2023/12/23 07:12:37,30,到着
494736189150,曽根郵便局,2023/12/23 09:00:05,50,持ち出し中
494736189150,曽根郵便局,2023/12/23 12:15:07,52,お届け先にお届け済み
494736190992,名古屋中郵便局,2023/12/22 04:14:54,30,到着
494736190992,名古屋中郵便局,2023/12/22 08:47:55,50,持ち出し中
494736190992,名古屋中郵便局,2023/12/22 11:21:18,52,お届け先にお届け済み
494736191762,四日市西郵便局,2023/12/23 05:08:13,30,到着
494736191762,四日市西郵便局,2023/12/23 09:41:31,50,持ち出し中
494736191762,四日市西郵便局,2023/12/23 13:07:52,51,ご不在のため持ち戻り
494736191762,四日市西郵便局,2023/12/23 19:25:57,60,※保管
494736191762,四日市西郵便局,2023/12/24 10:23:48,60,※保管
494736191762,四日市西郵便局,2023/12/24 10:23:48,53,窓口でお渡し
494736191843,葛西郵便局,2023/12/21 23:27:42,30,到着
494736191843,葛西郵便局,2023/12/22 17:05:00,50,持ち出し中
494736191843,葛西郵便局,2023/12/22 17:05:39,52,お届け先にお届け済み
494736192020,伊勢郵便局,2023/12/22 20:41:52,30,到着
494736192020,伊勢郵便局,2023/12/23 11:35:01,50,持ち出し中
494736192020,伊勢郵便局,2023/12/23 12:29:40,52,お届け先にお届け済み
494736192241,住吉郵便局,2023/12/22 20:33:33,30,到着
494736192241,住吉郵便局,2023/12/23 09:25:37,50,持ち出し中
494736192241,住吉郵便局,2023/12/23 16:25:52,52,お届け先にお届け済み
494736192484,水戸中央郵便局,2023/12/21 23:26:55,30,到着
494736192484,水戸中央郵便局,2023/12/22 08:05:33,50,持ち出し中
494736192484,水戸中央郵便局,2023/12/22 10:14:55,52,お届け先にお届け済み
494736193103,名護郵便局,2023/12/26 06:44:31,30,到着
494736193103,名護郵便局,2023/12/26 09:24:31,50,持ち出し中
494736193140,品川郵便局,2023/12/22 03:17:24,30,到着
494736193140,品川郵便局,2023/12/22 12:31:00,50,持ち出し中
494736193140,品川郵便局,2023/12/22 12:33:11,52,お届け先にお届け済み
494736194094,向日町郵便局,2023/12/23 14:28:06,50,持ち出し中
494736194816,刈谷郵便局,2023/12/22 20:40:46,30,到着
494736194816,刈谷郵便局,2023/12/23 09:29:03,50,持ち出し中
494736194816,刈谷郵便局,2023/12/23 10:49:50,52,お届け先にお届け済み
494736195225,江戸川郵便局,2023/12/22 00:27:17,30,到着
494736195225,江戸川郵便局,2023/12/22 08:49:02,50,持ち出し中
494736195225,江戸川郵便局,2023/12/22 15:17:59,52,お届け先にお届け済み
494736195295,名古屋北郵便局,2023/12/22 06:09:23,30,到着
494736195295,名古屋北郵便局,2023/12/22 08:07:08,50,持ち出し中
494736195295,名古屋北郵便局,2023/12/22 12:18:25,52,お届け先にお届け済み
494736197244,市川郵便局,2023/12/22 01:22:27,30,到着
494736197244,市川郵便局,2023/12/22 12:02:39,50,持ち出し中
494736197244,市川郵便局,2023/12/22 13:34:58,52,お届け先にお届け済み
494736197583,勝浦郵便局,2023/12/22 07:56:19,30,到着
494736197583,勝浦郵便局,2023/12/22 09:40:26,50,持ち出し中
494736197583,勝浦郵便局,2023/12/22 11:53:38,52,お届け先にお届け済み
494736200626,香寺郵便局,2023/12/23 07:00:00,30,到着
494736200626,香寺郵便局,2023/12/23 17:32:59,50,持ち出し中
494736200626,香寺郵便局,2023/12/23 18:45:02,52,お届け先にお届け済み
494736201455,都城郵便局,2023/12/23 06:47:01,30,到着
494736201455,都城郵便局,2023/12/23 10:06:12,50,持ち出し中
494736201455,都城郵便局,2023/12/23 12:33:59,52,お届け先にお届け済み
494736202715,山梨郵便局（勝沼）,2023/12/22 08:02:48,30,到着
494736202715,山梨郵便局（勝沼）,2023/12/22 17:27:54,50,持ち出し中
494736202715,山梨郵便局（勝沼）,2023/12/22 19:21:30,52,お届け先にお届け済み
494736203850,鳩ヶ谷郵便局,2023/12/22 08:16:28,30,到着
494736205106,鶴見郵便局,2023/12/22 02:45:52,30,到着
494736205106,鶴見郵便局,2023/12/22 08:30:17,50,持ち出し中
494736205106,鶴見郵便局,2023/12/22 12:11:23,52,お届け先にお届け済み
494736205972,芝郵便局,2023/12/22 06:38:26,30,到着
494736205972,芝郵便局,2023/12/22 10:37:17,50,持ち出し中
494736205972,芝郵便局,2023/12/22 12:45:46,52,お届け先にお届け済み
494736206720,名古屋北郵便局,2023/12/22 06:09:45,30,到着
494736206720,名古屋北郵便局,2023/12/22 09:22:23,50,持ち出し中
494736206720,名古屋北郵便局,2023/12/22 15:21:05,52,お届け先にお届け済み
494736206775,沼田郵便局,2023/12/22 06:44:26,30,到着
494736206775,沼田郵便局,2023/12/22 08:11:11,50,持ち出し中
494736206775,沼田郵便局,2023/12/22 15:08:20,52,お届け先にお届け済み
494736206904,松田郵便局,2023/12/22 07:26:45,30,到着
494736206904,松田郵便局,2023/12/22 08:25:41,50,持ち出し中
494736206904,松田郵便局,2023/12/22 11:33:48,52,お届け先にお届け済み
494736208584,青葉郵便局,2023/12/22 14:22:17,50,持ち出し中
494736208584,青葉郵便局,2023/12/22 19:00:38,52,お届け先にお届け済み
494736208665,豊橋郵便局,2023/12/22 23:59:41,30,到着
494736208665,豊橋郵便局,2023/12/23 11:10:16,50,持ち出し中
494736208665,豊橋郵便局,2023/12/23 15:02:02,52,お届け先にお届け済み
494736209111,甲府中央郵便局,2023/12/22 02:34:12,30,到着
494736209111,甲府中央郵便局,2023/12/22 08:13:28,50,持ち出し中
494736209111,甲府中央郵便局,2023/12/22 11:17:54,52,お届け先にお届け済み
494736210511,鹿児島中央郵便局（東市来）,2023/12/23 09:16:42,30,到着
494736210511,鹿児島中央郵便局（東市来）,2023/12/23 10:22:58,50,持ち出し中
494736210511,鹿児島中央郵便局（東市来）,2023/12/23 10:58:15,52,お届け先にお届け済み
494736211826,宇都宮中央郵便局,2023/12/22 04:43:58,30,到着
494736211826,宇都宮中央郵便局,2023/12/22 08:58:12,50,持ち出し中
494736211826,宇都宮中央郵便局,2023/12/22 11:33:22,52,お届け先にお届け済み
494736212600,日高郵便局,2023/12/22 07:11:43,30,到着
494736212600,日高郵便局,2023/12/22 09:43:46,50,持ち出し中
494736212600,日高郵便局,2023/12/22 10:10:20,52,お届け先にお届け済み
494736212994,三芳郵便局,2023/12/22 11:23:41,50,持ち出し中
494736213016,池田郵便局,2023/12/23 06:41:16,30,到着
494736213016,池田郵便局,2023/12/23 09:23:05,50,持ち出し中
494736213016,池田郵便局,2023/12/23 11:28:56,52,お届け先にお届け済み
494736213123,美浜郵便局,2023/12/22 04:55:53,30,到着
494736213123,美浜郵便局,2023/12/22 08:29:29,50,持ち出し中
494736213123,美浜郵便局,2023/12/22 15:20:50,52,お届け先にお届け済み
494736213392,高津郵便局,2023/12/22 06:34:49,30,到着
494736213392,高津郵便局,2023/12/22 09:50:53,50,持ち出し中
494736213392,高津郵便局,2023/12/22 11:49:45,52,お届け先にお届け済み
494736213613,市川郵便局,2023/12/22 01:33:05,30,到着
494736213613,市川郵便局,2023/12/22 10:14:21,50,持ち出し中
494736213613,市川郵便局,2023/12/22 15:42:53,52,お届け先にお届け済み
494736214162,小田原郵便局,2023/12/22 06:56:38,30,到着
494736214162,小田原郵便局,2023/12/22 08:38:09,50,持ち出し中
494736214162,小田原郵便局,2023/12/22 16:02:50,52,お届け先にお届け済み
494736214943,流山郵便局,2023/12/22 06:36:28,30,到着
494736214943,流山郵便局,2023/12/22 09:25:10,50,持ち出し中
494736214943,流山郵便局,2023/12/22 12:36:20,52,お届け先にお届け済み
494736215783,松戸郵便局,2023/12/22 05:45:52,30,到着
494736215783,松戸郵便局,2023/12/22 08:22:34,50,持ち出し中
494736215783,松戸郵便局,2023/12/22 11:25:21,52,お届け先にお届け済み
494736216461,川口北郵便局,2023/12/22 07:12:19,30,到着
494736216461,川口北郵便局,2023/12/22 08:50:38,50,持ち出し中
494736216461,川口北郵便局,2023/12/22 10:56:36,52,お届け先にお届け済み
494736216590,那珂郵便局,2023/12/22 07:04:27,30,到着
494736216590,那珂郵便局（美和）,2023/12/22 09:36:24,50,持ち出し中
494736216590,那珂郵便局（美和）,2023/12/22 14:12:25,65,調査中
494736216590,那珂郵便局（美和）,2023/12/22 16:33:33,62,差出人に返送
494736216590,城東郵便局,2023/12/23 04:59:55,30,到着
494736216590,城東郵便局,2023/12/23 10:17:03,50,持ち出し中
494736216590,城東郵便局,2023/12/23 15:15:17,52,お届け先にお届け済み
494736216726,大崎郵便局,2023/12/22 02:22:59,30,到着
494736216726,大崎郵便局,2023/12/22 08:47:25,50,持ち出し中
494736216726,大崎郵便局,2023/12/22 12:52:02,52,お届け先にお届け済み
494736216796,小岩郵便局,2023/12/21 23:10:33,30,到着
494736216796,小岩郵便局,2023/12/22 08:32:04,50,持ち出し中
494736216796,小岩郵便局,2023/12/22 10:18:27,52,お届け先にお届け済み
494736216855,東住吉郵便局,2023/12/22 19:40:16,30,到着
494736216855,東住吉郵便局,2023/12/23 13:39:08,50,持ち出し中
494736216855,東住吉郵便局,2023/12/23 15:50:50,52,お届け先にお届け済み
494736216925,さいたま新都心郵便局,2023/12/22 03:07:46,30,到着
494736217216,多治見郵便局,2023/12/22 15:10:00,30,到着
494736217216,多治見郵便局（瑞浪）,2023/12/23 09:05:41,50,持ち出し中
494736217216,多治見郵便局（瑞浪）,2023/12/23 12:26:18,52,お届け先にお届け済み
494736217220,伊勢崎郵便局,2023/12/22 06:01:15,30,到着
494736217220,伊勢崎郵便局,2023/12/22 08:48:58,50,持ち出し中
494736217220,伊勢崎郵便局,2023/12/22 11:59:06,52,お届け先にお届け済み
494736217345,船橋東郵便局,2023/12/22 01:10:39,30,到着
494736217345,船橋東郵便局,2023/12/22 08:36:53,50,持ち出し中
494736217345,船橋東郵便局,2023/12/22 14:48:55,52,お届け先にお届け済み
494736217485,大和郡山郵便局,2023/12/23 00:06:33,30,到着
494736217485,大和郡山郵便局,2023/12/23 09:02:29,50,持ち出し中
494736217485,大和郡山郵便局,2023/12/23 10:22:42,52,お届け先にお届け済み
494736217570,八幡郵便局,2023/12/22 19:26:43,30,到着
494736217570,八幡郵便局,2023/12/23 08:30:00,50,持ち出し中
494736217570,八幡郵便局,2023/12/23 10:11:42,52,お届け先にお届け済み
494736217636,名古屋西郵便局,2023/12/22 04:40:16,30,到着
494736217636,名古屋西郵便局,2023/12/22 09:17:30,50,持ち出し中
494736217636,名古屋西郵便局,2023/12/22 12:21:25,52,お届け先にお届け済み
494736217916,日進郵便局,2023/12/22 17:19:35,30,到着
494736217916,日進郵便局,2023/12/23 08:54:55,50,持ち出し中
494736217916,日進郵便局,2023/12/23 11:48:27,52,お届け先にお届け済み
494736218351,福山郵便局,2023/12/23 05:21:21,30,到着
494736218351,福山郵便局,2023/12/23 10:38:32,50,持ち出し中
494736218351,福山郵便局,2023/12/23 15:48:31,52,お届け先にお届け済み
494736218476,豊川郵便局,2023/12/23 09:19:00,50,持ち出し中
494736219121,土浦郵便局,2023/12/22 12:19:18,50,持ち出し中
494736219121,土浦郵便局,2023/12/22 14:24:39,52,お届け先にお届け済み
494736219401,市原郵便局,2023/12/22 05:21:41,30,到着
494736219401,市原郵便局,2023/12/22 08:35:17,50,持ち出し中
494736219401,市原郵便局,2023/12/22 15:51:57,52,お届け先にお届け済み
494736220053,高輪郵便局,2023/12/22 01:31:50,30,到着
494736220053,高輪郵便局,2023/12/22 15:34:18,50,持ち出し中
494736220053,高輪郵便局,2023/12/22 16:51:48,52,お届け先にお届け済み
494736220274,大分南郵便局,2023/12/23 06:53:42,30,到着
494736220274,大分南郵便局,2023/12/23 09:20:55,50,持ち出し中
494736220274,大分南郵便局,2023/12/23 10:21:42,52,お届け先にお届け済み
494736220462,七尾郵便局,2023/12/23 07:41:53,30,到着
494736220462,七尾郵便局,2023/12/23 09:18:48,50,持ち出し中
494736220462,七尾郵便局,2023/12/23 15:22:12,52,お届け先にお届け済み
494736220801,掛川郵便局,2023/12/23 06:25:10,30,到着
494736220801,掛川郵便局,2023/12/23 14:04:31,50,持ち出し中
494736220801,掛川郵便局,2023/12/23 16:23:39,52,お届け先にお届け済み
494736221070,八王子南郵便局,2023/12/22 04:30:21,30,到着
494736221070,八王子南郵便局,2023/12/22 08:29:02,50,持ち出し中
494736221070,八王子南郵便局,2023/12/22 11:50:18,52,お届け先にお届け済み
494736221335,草加郵便局,2023/12/22 06:30:52,30,到着
494736221335,草加郵便局,2023/12/22 17:26:59,50,持ち出し中
494736221335,草加郵便局,2023/12/22 20:50:02,52,お届け先にお届け済み
494736221442,上田郵便局,2023/12/22 16:06:10,30,到着
494736221442,上田郵便局,2023/12/23 12:02:59,64,お届け先休日等のため保管
494736221442,上田郵便局,2023/12/23 08:27:11,50,持ち出し中
494736221442,上田郵便局,2023/12/25 08:39:23,50,持ち出し中
494736221442,上田郵便局,2023/12/25 09:45:02,52,お届け先にお届け済み
494736221556,八尾郵便局,2023/12/22 23:45:14,30,到着
494736221556,八尾郵便局,2023/12/23 09:41:11,50,持ち出し中
494736221556,八尾郵便局,2023/12/23 11:12:50,52,お届け先にお届け済み
494736222061,千種郵便局,2023/12/22 05:38:33,30,到着
494736222061,千種郵便局,2023/12/22 08:19:53,50,持ち出し中
494736222061,千種郵便局,2023/12/22 11:17:16,52,お届け先にお届け済み
494736222363,熊本東郵便局,2023/12/23 01:59:57,30,到着
494736222363,熊本東郵便局,2023/12/23 17:48:17,64,保管
494736222363,熊本東郵便局,2023/12/23 17:47:00,50,持ち出し中
494736222363,熊本東郵便局,2023/12/23 17:51:46,65,調査中
494736222363,城東郵便局,2023/12/25 03:02:39,30,到着
494736222363,城東郵便局,2023/12/25 08:45:35,50,持ち出し中
494736222363,城東郵便局,2023/12/25 13:55:42,52,お届け先にお届け済み
494736222455,袖ケ浦郵便局,2023/12/22 07:19:45,30,到着
494736222455,袖ケ浦郵便局,2023/12/22 08:36:23,50,持ち出し中
494736222455,袖ケ浦郵便局,2023/12/22 10:47:21,52,お届け先にお届け済み
494736222492,小山郵便局（間々田）,2023/12/22 07:54:00,30,到着
494736222492,小山郵便局（間々田）,2023/12/22 09:19:23,50,持ち出し中
494736222492,小山郵便局（間々田）,2023/12/22 11:15:40,52,お届け先にお届け済み
494736222595,新越谷郵便局,2023/12/22 06:43:57,30,到着
494736222595,新越谷郵便局,2023/12/22 08:11:16,50,持ち出し中
494736222595,新越谷郵便局,2023/12/22 12:01:32,52,お届け先にお届け済み
494736222971,日立郵便局,2023/12/22 06:15:59,30,到着
494736222971,日立郵便局（北茨城）,2023/12/22 10:53:26,50,持ち出し中
494736222971,日立郵便局（北茨城）,2023/12/22 15:03:33,52,お届け先にお届け済み
494736223295,小名浜郵便局,2023/12/22 07:02:53,30,到着
494736223295,小名浜郵便局,2023/12/22 08:30:40,50,持ち出し中
494736223295,小名浜郵便局,2023/12/22 10:00:04,65,調査中
494736223295,城東郵便局,2023/12/24 03:26:57,30,到着
494736223295,城東郵便局,2023/12/24 15:49:22,64,保管
494736223295,城東郵便局,2023/12/24 09:46:11,50,持ち出し中
494736223295,城東郵便局,2023/12/25 08:47:13,50,持ち出し中
494736223295,城東郵便局,2023/12/25 13:55:42,52,お届け先にお届け済み
494736223682,高崎郵便局,2023/12/22 05:13:03,30,到着
494736223682,高崎郵便局,2023/12/22 08:10:26,50,持ち出し中
494736223682,高崎郵便局,2023/12/22 09:33:44,52,お届け先にお届け済み
494736223903,桑名郵便局,2023/12/22 19:24:03,30,到着
494736223903,桑名郵便局,2023/12/23 09:06:43,50,持ち出し中
494736223903,桑名郵便局,2023/12/23 11:22:02,52,お届け先にお届け済み
494736224566,藤沢郵便局,2023/12/22 06:50:44,30,到着
494736224566,藤沢郵便局,2023/12/22 08:46:36,50,持ち出し中
494736224566,藤沢郵便局,2023/12/22 12:17:33,52,お届け先にお届け済み
494736224640,五泉郵便局,2023/12/22 15:51:24,30,到着
494736224640,五泉郵便局,2023/12/23 08:33:08,50,持ち出し中
494736224640,五泉郵便局,2023/12/23 11:38:03,52,お届け先にお届け済み
494736224931,伊那郵便局（西春近）,2023/12/23 08:24:40,30,到着
494736224931,伊那郵便局（西春近）,2023/12/23 08:42:25,50,持ち出し中
494736224931,伊那郵便局（西春近）,2023/12/23 11:40:49,52,お届け先にお届け済み
494736225421,緑郵便局,2023/12/22 07:11:16,30,到着
494736225421,緑郵便局,2023/12/22 08:43:06,50,持ち出し中
494736225421,緑郵便局,2023/12/22 11:34:39,52,お届け先にお届け済み
494736225432,宇部郵便局,2023/12/23 05:47:21,30,到着
494736225432,宇部郵便局,2023/12/23 09:31:54,50,持ち出し中
494736225432,宇部郵便局,2023/12/23 11:19:17,52,お届け先にお届け済み
494736225771,海南郵便局,2023/12/22 20:11:52,30,到着
494736225771,海南郵便局,2023/12/23 08:52:42,50,持ち出し中
494736225771,海南郵便局,2023/12/23 10:41:12,52,お届け先にお届け済み
494736226084,石巻郵便局（志津川）,2023/12/23 09:08:06,30,到着
494736226084,石巻郵便局（志津川）,2023/12/23 09:46:24,50,持ち出し中
494736226084,石巻郵便局（志津川）,2023/12/23 13:50:13,52,お届け先にお届け済み
494736226132,水口郵便局,2023/12/22 16:28:43,30,到着
494736226132,水口郵便局,2023/12/23 09:03:00,50,持ち出し中
494736226563,豊田郵便局,2023/12/22 19:16:01,30,到着
494736226563,豊田郵便局（藤岡）,2023/12/23 08:00:50,30,到着
494736226563,豊田郵便局（藤岡）,2023/12/23 10:57:27,50,持ち出し中
494736226563,豊田郵便局（藤岡）,2023/12/23 13:37:08,52,お届け先にお届け済み
494736227086,横浜金沢郵便局,2023/12/22 07:14:36,30,到着
494736227086,横浜金沢郵便局,2023/12/22 13:31:53,50,持ち出し中
494736227086,横浜金沢郵便局,2023/12/22 15:08:26,52,お届け先にお届け済み
494736227204,札幌北郵便局,2023/12/23 05:39:56,30,到着
494736227204,札幌北郵便局,2023/12/23 13:21:39,64,保管
494736227204,札幌北郵便局,2023/12/23 21:10:02,63,配達希望受付
494736227204,札幌北郵便局,2023/12/23 09:52:51,50,持ち出し中
494736227204,札幌北郵便局,2023/12/25 13:09:56,50,持ち出し中
494736227204,札幌北郵便局,2023/12/25 14:06:16,65,調査中
494736227204,札幌北郵便局,2023/12/25 16:35:13,60,※保管
494736227451,横浜港郵便局,2023/12/22 06:00:00,30,到着
494736227451,横浜港郵便局,2023/12/22 14:21:00,50,持ち出し中
494736227451,横浜港郵便局,2023/12/22 14:21:26,52,お届け先にお届け済み
494736227764,名古屋南郵便局,2023/12/22 06:01:04,30,到着
494736227764,名古屋南郵便局,2023/12/22 14:10:23,50,持ち出し中
494736227764,名古屋南郵便局,2023/12/22 14:42:40,52,お届け先にお届け済み
494736227801,大津中央郵便局,2023/12/23 00:00:40,30,到着
494736227801,大津中央郵便局,2023/12/23 15:01:38,50,持ち出し中
494736227801,大津中央郵便局,2023/12/23 17:37:34,52,お届け先にお届け済み
494736228081,近江八幡郵便局,2023/12/22 16:44:32,30,到着
494736228081,近江八幡郵便局,2023/12/23 11:09:03,50,持ち出し中
494736228081,近江八幡郵便局,2023/12/23 15:04:37,52,お届け先にお届け済み
494736228291,伊勢郵便局,2023/12/22 20:41:59,30,到着
494736228291,伊勢郵便局,2023/12/23 14:07:09,50,持ち出し中
494736228291,伊勢郵便局,2023/12/23 15:26:56,52,お届け先にお届け済み
494736228475,北杜郵便局,2023/12/22 07:06:34,30,到着
494736228475,北杜郵便局,2023/12/22 09:26:17,50,持ち出し中
494736228475,北杜郵便局,2023/12/22 11:08:52,52,お届け先にお届け済み
494736229492,多治見郵便局,2023/12/22 15:00:00,30,到着
494736229492,多治見郵便局,2023/12/23 09:51:42,50,持ち出し中
494736229492,多治見郵便局,2023/12/23 13:24:09,52,お届け先にお届け済み
494736231393,中野北郵便局,2023/12/22 06:02:57,30,到着
494736231393,中野北郵便局,2023/12/22 08:40:43,50,持ち出し中
494736231393,中野北郵便局,2023/12/22 15:04:08,52,お届け先にお届け済み
494736232266,尾西郵便局,2023/12/22 07:02:38,30,到着
494736232266,尾西郵便局,2023/12/22 08:57:57,50,持ち出し中
494736232266,尾西郵便局,2023/12/22 11:21:13,52,お届け先にお届け済み
494736232491,那覇中央郵便局,2023/12/25 18:01:55,30,到着
494736232491,那覇中央郵便局,2023/12/26 08:29:55,50,持ち出し中
494736232524,富里郵便局,2023/12/22 07:38:10,30,到着
494736232524,富里郵便局,2023/12/22 09:24:33,50,持ち出し中
494736232524,富里郵便局,2023/12/22 11:12:38,52,お届け先にお届け済み
494736232830,淀川郵便局,2023/12/23 08:48:31,50,持ち出し中
494736232830,淀川郵便局,2023/12/23 10:50:18,52,お届け先にお届け済み
494736233202,高知東郵便局,2023/12/23 03:35:02,30,到着
494736233202,高知東郵便局,2023/12/23 08:49:08,50,持ち出し中
494736233202,高知東郵便局,2023/12/23 10:04:14,52,お届け先にお届け済み
494736233272,市川郵便局,2023/12/22 01:22:24,30,到着
494736233272,市川郵便局,2023/12/22 09:16:14,50,持ち出し中
494736233272,市川郵便局,2023/12/22 12:28:59,52,お届け先にお届け済み
494736233316,上田郵便局,2023/12/22 16:09:06,30,到着
494736233316,上田郵便局,2023/12/23 12:07:11,50,持ち出し中
494736233316,上田郵便局,2023/12/23 14:32:13,52,お届け先にお届け済み
494736233471,箕島郵便局,2023/12/22 19:05:33,30,到着
494736233471,箕島郵便局,2023/12/23 09:37:44,50,持ち出し中
494736233471,箕島郵便局,2023/12/23 14:59:58,52,お届け先にお届け済み
494736233880,総社郵便局,2023/12/23 06:20:08,30,到着
494736233880,総社郵便局,2023/12/23 08:49:03,50,持ち出し中
494736233880,総社郵便局,2023/12/23 16:36:31,52,お届け先にお届け済み
494736234123,奈良中央郵便局,2023/12/23 07:00:00,30,到着
494736234123,奈良中央郵便局,2023/12/23 08:23:40,50,持ち出し中
494736234123,奈良中央郵便局,2023/12/23 11:03:59,52,お届け先にお届け済み
494736234252,下野小金井郵便局,2023/12/22 06:51:45,30,到着
494736234252,下野小金井郵便局,2023/12/22 12:17:04,50,持ち出し中
494736234252,下野小金井郵便局,2023/12/22 14:19:16,52,お届け先にお届け済み
494736235070,長野中央郵便局,2023/12/22 15:58:45,30,到着
494736235070,長野中央郵便局,2023/12/23 09:01:44,50,持ち出し中
494736235070,長野中央郵便局,2023/12/23 16:31:04,52,お届け先にお届け済み
494736235173,八尾郵便局,2023/12/22 23:41:20,30,到着
494736235173,八尾郵便局,2023/12/23 08:31:10,50,持ち出し中
494736235173,八尾郵便局,2023/12/23 17:21:46,52,お届け先にお届け済み
494736235210,城東郵便局,2023/12/21 23:17:08,30,到着
494736235210,城東郵便局,2023/12/22 08:38:05,50,持ち出し中
494736235210,城東郵便局,2023/12/22 16:13:28,52,お届け先にお届け済み
494736235254,前橋中央郵便局,2023/12/22 06:20:02,30,到着
494736235254,前橋中央郵便局,2023/12/22 13:53:51,50,持ち出し中
494736235254,前橋中央郵便局,2023/12/22 16:02:28,52,お届け先にお届け済み
494736236024,葛飾郵便局,2023/12/21 21:57:43,30,到着
494736236024,葛飾郵便局,2023/12/22 08:32:17,50,持ち出し中
494736236024,葛飾郵便局,2023/12/22 11:30:08,52,お届け先にお届け済み
494736236304,名古屋南郵便局,2023/12/22 06:01:07,30,到着
494736236304,名古屋南郵便局,2023/12/22 09:14:46,50,持ち出し中
494736236304,名古屋南郵便局,2023/12/22 09:45:31,52,お届け先にお届け済み
494736237052,宇治郵便局,2023/12/22 12:41:00,60,保管
494736237472,古川郵便局,2023/12/22 16:13:46,30,到着
494736237472,古川郵便局,2023/12/23 10:12:44,50,持ち出し中
494736237472,古川郵便局,2023/12/23 11:43:06,52,お届け先にお届け済み
494736238360,八日市郵便局（愛知川）,2023/12/23 09:03:00,50,持ち出し中
494736238931,下妻郵便局,2023/12/22 06:33:29,30,到着
494736238931,下妻郵便局,2023/12/22 08:25:44,50,持ち出し中
494736238931,下妻郵便局,2023/12/22 11:05:58,52,お届け先にお届け済み
494736239222,城東郵便局,2023/12/21 23:19:02,30,到着
494736239222,城東郵便局,2023/12/22 09:06:04,50,持ち出し中
494736239222,城東郵便局,2023/12/22 18:44:59,52,お届け先にお届け済み
494736239782,岐阜中央郵便局（巣南）,2023/12/22 16:15:10,30,到着
494736239782,岐阜中央郵便局（巣南）,2023/12/23 10:07:04,50,持ち出し中
494736239782,岐阜中央郵便局（巣南）,2023/12/23 14:53:47,52,お届け先にお届け済み
494736240736,本庄郵便局,2023/12/22 06:25:00,30,到着
494736240736,本庄郵便局（上里）,2023/12/22 08:27:57,50,持ち出し中
494736240736,本庄郵便局（上里）,2023/12/22 14:51:00,52,お届け先にお届け済み
494736240821,植田郵便局,2023/12/22 06:45:17,30,到着
494736240821,植田郵便局,2023/12/22 09:10:21,50,持ち出し中
494736240821,植田郵便局,2023/12/22 10:28:56,52,お届け先にお届け済み
494736241020,長浜郵便局,2023/12/22 16:43:32,30,到着
494736241020,長浜郵便局,2023/12/23 08:48:06,50,持ち出し中
494736241020,長浜郵便局,2023/12/23 11:49:00,52,お届け先にお届け済み
494736241731,大垣郵便局,2023/12/22 15:39:52,30,到着
494736241731,大垣郵便局,2023/12/23 08:49:00,50,持ち出し中
494736241731,大垣郵便局,2023/12/23 12:22:23,52,お届け先にお届け済み
494736241871,岸和田郵便局,2023/12/23 01:55:34,30,到着
494736241871,岸和田郵便局,2023/12/23 11:37:13,50,持ち出し中
494736241871,岸和田郵便局,2023/12/23 18:29:22,52,お届け先にお届け済み
494736242431,さいたま中央郵便局,2023/12/22 05:46:59,30,到着
494736242431,さいたま中央郵便局,2023/12/22 08:30:14,50,持ち出し中
494736242431,さいたま中央郵便局,2023/12/22 16:18:02,52,お届け先にお届け済み
494736242486,可部郵便局,2023/12/23 06:26:02,30,到着
494736242486,可部郵便局,2023/12/23 08:25:59,50,持ち出し中
494736242486,可部郵便局,2023/12/23 10:55:20,52,お届け先にお届け済み
494736242755,笠間郵便局（真壁）,2023/12/22 08:35:10,50,持ち出し中
494736242755,笠間郵便局（真壁）,2023/12/22 16:20:15,52,お届け先にお届け済み
494736243341,代々木郵便局,2023/12/22 06:03:12,30,到着
494736243341,代々木郵便局,2023/12/22 08:30:44,50,持ち出し中
494736243341,代々木郵便局,2023/12/22 11:27:00,52,お届け先にお届け済み
494736243385,橿原郵便局,2023/12/23 11:16:19,50,持ち出し中
494736243385,橿原郵便局,2023/12/23 14:33:07,52,お届け先にお届け済み
494736243422,熊本中央郵便局,2023/12/23 03:06:16,30,到着
494736243422,熊本中央郵便局,2023/12/23 10:17:57,50,持ち出し中
494736243422,熊本中央郵便局,2023/12/23 16:10:39,52,お届け先にお届け済み
494736244925,高砂郵便局,2023/12/23 18:20:15,30,到着
494736244925,高砂郵便局,2023/12/23 17:26:00,50,持ち出し中
494736244925,高砂郵便局,2023/12/23 18:34:27,52,お届け先にお届け済み
494736245216,大垣郵便局,2023/12/23 06:00:00,30,到着
494736245216,大垣郵便局,2023/12/23 16:57:51,50,持ち出し中
494736245216,大垣郵便局,2023/12/23 19:48:25,52,お届け先にお届け済み
494736246793,徳島中央郵便局,2023/12/22 16:02:00,30,到着
494736246793,徳島中央郵便局,2023/12/23 11:34:19,50,持ち出し中
494736246793,徳島中央郵便局,2023/12/23 12:14:25,52,お届け先にお届け済み
494736247305,上野郵便局,2023/12/22 04:12:53,30,到着
494736247305,上野郵便局,2023/12/22 15:55:00,52,お届け先にお届け済み
494736247364,小樽郵便局（銭函）,2023/12/23 08:04:40,30,到着
494736247364,小樽郵便局（銭函）,2023/12/23 09:45:16,50,持ち出し中
494736247364,小樽郵便局（銭函）,2023/12/23 15:25:09,52,お届け先にお届け済み
494736248742,四日市郵便局,2023/12/22 18:56:17,30,到着
494736248742,四日市郵便局,2023/12/23 15:15:54,50,持ち出し中
494736248742,四日市郵便局,2023/12/23 18:18:42,52,お届け先にお届け済み
494736248893,貝塚郵便局,2023/12/22 19:36:18,30,到着
494736248893,貝塚郵便局,2023/12/23 10:55:07,50,持ち出し中
494736248893,貝塚郵便局,2023/12/23 14:16:52,52,お届け先にお届け済み
494736249593,千歳郵便局,2023/12/22 02:19:15,30,到着
494736249593,千歳郵便局,2023/12/22 08:26:27,50,持ち出し中
494736249593,千歳郵便局,2023/12/22 10:34:49,52,お届け先にお届け済み
494736249630,高輪郵便局,2023/12/22 03:21:15,30,到着
494736249630,高輪郵便局,2023/12/22 08:13:51,50,持ち出し中
494736249630,高輪郵便局,2023/12/22 11:25:46,52,お届け先にお届け済み
494736249825,向島郵便局,2023/12/22 04:46:22,30,到着
494736249825,向島郵便局,2023/12/22 08:42:34,50,持ち出し中
494736249825,向島郵便局,2023/12/22 16:20:29,51,ご不在のため持ち戻り
494736249825,向島郵便局,2023/12/22 17:54:02,60,※保管
494736249825,向島郵便局,2023/12/25 00:13:32,60,※保管
494736249825,向島郵便局,2023/12/25 08:28:34,50,持ち出し中
494736249825,向島郵便局,2023/12/25 11:00:12,52,お届け先にお届け済み
494736250960,北見郵便局（置戸）,2023/12/23 15:40:56,30,到着
494736250960,北見郵便局（置戸）,2023/12/23 15:41:15,50,持ち出し中
494736250960,北見郵便局（置戸）,2023/12/23 15:41:33,52,お届け先にお届け済み
494736252813,緑郵便局,2023/12/22 06:39:08,30,到着
494736252813,緑郵便局,2023/12/22 08:55:13,50,持ち出し中
494736252813,緑郵便局,2023/12/22 11:41:46,52,お届け先にお届け済み
494736253513,春日部郵便局,2023/12/22 06:12:20,30,到着
494736253513,春日部郵便局,2023/12/22 14:05:13,50,持ち出し中
494736253513,春日部郵便局,2023/12/22 15:59:05,52,お届け先にお届け済み
494736253653,住吉郵便局,2023/12/22 20:26:15,30,到着
494736253653,住吉郵便局,2023/12/23 09:50:57,50,持ち出し中
494736253653,住吉郵便局,2023/12/23 16:37:29,52,お届け先にお届け済み
494736254051,港北郵便局,2023/12/22 07:14:48,30,到着
494736254051,港北郵便局,2023/12/22 12:55:35,50,持ち出し中
494736254051,港北郵便局,2023/12/22 15:47:43,52,お届け先にお届け済み
494736254552,世田谷郵便局,2023/12/21 23:13:11,30,到着
494736254552,世田谷郵便局,2023/12/22 08:40:04,50,持ち出し中
494736254552,世田谷郵便局,2023/12/22 17:04:42,52,お届け先にお届け済み
494736254622,八王子南郵便局,2023/12/22 06:38:44,30,到着
494736254622,八王子南郵便局（恩方）,2023/12/22 08:50:03,50,持ち出し中
494736254622,八王子南郵便局（恩方）,2023/12/22 11:58:07,52,お届け先にお届け済み
494736254865,調布郵便局,2023/12/22 06:21:14,30,到着
494736254865,調布郵便局,2023/12/22 09:00:31,50,持ち出し中
494736254865,調布郵便局,2023/12/22 15:21:34,52,お届け先にお届け済み
494736256394,太田郵便局,2023/12/22 06:00:04,30,到着
494736256394,太田郵便局,2023/12/22 08:55:16,50,持ち出し中
494736256394,太田郵便局,2023/12/22 11:00:35,52,お届け先にお届け済み
494736257584,堺郵便局,2023/12/23 03:03:22,30,到着
494736257584,堺郵便局,2023/12/23 17:28:16,50,持ち出し中
494736257584,堺郵便局,2023/12/23 19:00:45,52,お届け先にお届け済み
494736259496,有野郵便局,2023/12/23 06:29:19,30,到着
494736259496,有野郵便局,2023/12/23 08:19:08,50,持ち出し中
494736259496,有野郵便局,2023/12/23 13:12:16,52,お届け先にお届け済み
494736259791,結城郵便局,2023/12/22 07:49:22,30,到着
494736259791,結城郵便局,2023/12/22 10:12:22,50,持ち出し中
494736259791,結城郵便局,2023/12/22 11:13:04,52,お届け先にお届け済み
494736263350,藤沢郵便局,2023/12/22 07:20:15,30,到着
494736263350,藤沢郵便局,2023/12/22 09:35:07,50,持ち出し中
494736263350,藤沢郵便局,2023/12/22 14:58:28,52,お届け先にお届け済み
494736265096,大東郵便局,2023/12/23 07:23:07,30,到着
494736265096,大東郵便局,2023/12/23 09:00:20,50,持ち出し中
494736265096,大東郵便局,2023/12/23 13:17:44,52,お届け先にお届け済み
494736268585,足立郵便局,2023/12/22 02:24:24,30,到着
494736268585,足立郵便局,2023/12/22 08:39:07,50,持ち出し中
494736268585,足立郵便局,2023/12/22 16:56:34,52,お届け先にお届け済み
494736268681,小田原郵便局,2023/12/22 06:56:10,30,到着
494736268681,小田原郵便局,2023/12/22 08:30:54,50,持ち出し中
494736268681,小田原郵便局,2023/12/22 12:22:00,52,お届け先にお届け済み
494736268891,泉大津郵便局,2023/12/23 06:37:25,30,到着
494736268891,泉大津郵便局,2023/12/23 14:13:07,50,持ち出し中
494736268891,泉大津郵便局,2023/12/23 16:05:41,51,ご不在のため持ち戻り
494736268891,泉大津郵便局,2023/12/23 19:36:37,60,※保管
494736268891,泉大津郵便局,2023/12/25 12:22:23,60,※保管
494736268891,泉大津郵便局,2023/12/25 12:22:23,53,窓口でお渡し
494736268972,小金井郵便局,2023/12/22 05:44:43,30,到着
494736268972,小金井郵便局,2023/12/22 08:28:39,50,持ち出し中
494736268972,小金井郵便局,2023/12/22 10:35:51,52,お届け先にお届け済み
494736269985,山形中央郵便局,2023/12/22 20:06:39,30,到着
494736269985,山形中央郵便局,2023/12/23 10:30:10,50,持ち出し中
494736269985,山形中央郵便局,2023/12/23 12:08:03,52,お届け先にお届け済み
494736270991,飯塚郵便局,2023/12/23 06:59:11,30,到着
494736270991,飯塚郵便局,2023/12/23 14:06:57,50,持ち出し中
494736270991,飯塚郵便局,2023/12/23 15:59:48,52,お届け先にお届け済み
494736271536,豊田高岡郵便局,2023/12/22 16:38:25,30,到着
494736271536,豊田高岡郵便局,2023/12/23 09:02:25,50,持ち出し中
494736271536,豊田高岡郵便局,2023/12/23 12:58:54,52,お届け先にお届け済み
494736271702,城東郵便局,2023/12/21 23:17:04,30,到着
494736271702,城東郵便局,2023/12/22 10:10:49,50,持ち出し中
494736271702,城東郵便局,2023/12/22 13:00:52,52,お届け先にお届け済み
494736272004,名護郵便局（本部）,2023/12/26 08:08:16,30,到着
494736272004,名護郵便局（本部）,2023/12/26 09:59:02,50,持ち出し中
494736272074,武蔵府中郵便局,2023/12/22 04:00:18,30,到着
494736272074,武蔵府中郵便局,2023/12/22 20:03:21,50,持ち出し中
494736272074,武蔵府中郵便局,2023/12/22 20:03:31,52,お届け先にお届け済み
494736272796,茅ヶ崎郵便局,2023/12/22 06:26:46,30,到着
494736272796,茅ヶ崎郵便局,2023/12/22 08:22:33,50,持ち出し中
494736272796,茅ヶ崎郵便局,2023/12/22 10:32:34,52,お届け先にお届け済み
494736272936,名古屋南郵便局,2023/12/22 06:01:02,30,到着
494736272936,名古屋南郵便局,2023/12/22 09:14:57,50,持ち出し中
494736272936,名古屋南郵便局,2023/12/22 14:50:17,52,お届け先にお届け済み
494736274874,東金郵便局,2023/12/22 05:00:00,30,到着
494736274874,東金郵便局,2023/12/22 09:47:25,50,持ち出し中
494736274874,東金郵便局,2023/12/22 12:59:02,52,お届け先にお届け済み
494736275401,佐原郵便局,2023/12/22 06:53:00,30,到着
494736275401,佐原郵便局（小見川）,2023/12/22 09:16:06,50,持ち出し中
494736275401,佐原郵便局（小見川）,2023/12/22 15:23:58,52,お届け先にお届け済み
494736275585,四街道郵便局,2023/12/22 05:43:05,30,到着
494736275585,四街道郵便局,2023/12/22 08:05:37,50,持ち出し中
494736275585,四街道郵便局,2023/12/22 09:48:56,52,お届け先にお届け済み
494736275611,和泉郵便局,2023/12/23 07:14:11,30,到着
494736275611,和泉郵便局,2023/12/23 11:37:31,50,持ち出し中
494736275611,和泉郵便局,2023/12/23 12:47:54,52,お届け先にお届け済み
494736275725,世田谷郵便局,2023/12/21 23:09:31,30,到着
494736275725,世田谷郵便局,2023/12/22 08:12:08,50,持ち出し中
494736275725,世田谷郵便局,2023/12/22 12:05:13,52,お届け先にお届け済み
494736275806,富士郵便局,2023/12/22 07:12:26,30,到着
494736275806,富士郵便局,2023/12/22 09:34:03,50,持ち出し中
494736275806,富士郵便局,2023/12/22 11:17:21,52,お届け先にお届け済み
494736276145,宇都宮中央郵便局,2023/12/22 04:43:55,30,到着
494736276145,宇都宮中央郵便局,2023/12/22 10:39:43,50,持ち出し中
494736276145,宇都宮中央郵便局,2023/12/22 13:32:37,52,お届け先にお届け済み
494736276355,千葉緑郵便局,2023/12/22 06:33:15,30,到着
494736276355,千葉緑郵便局,2023/12/22 08:17:15,50,持ち出し中
494736276355,千葉緑郵便局,2023/12/22 13:07:35,52,お届け先にお届け済み
494736276775,小樽郵便局,2023/12/23 06:24:41,30,到着
494736276775,小樽郵便局,2023/12/23 08:32:37,50,持ち出し中
494736276775,小樽郵便局,2023/12/23 13:15:29,52,お届け先にお届け済み
494736277416,美浜郵便局,2023/12/22 04:55:46,30,到着
494736277416,美浜郵便局,2023/12/22 08:56:49,50,持ち出し中
494736277416,美浜郵便局,2023/12/22 11:46:17,52,お届け先にお届け済み
494736277560,高崎郵便局,2023/12/22 05:15:20,30,到着
494736277560,高崎郵便局,2023/12/22 08:33:10,50,持ち出し中
494736277560,高崎郵便局,2023/12/22 12:00:39,52,お届け先にお届け済み
494736277571,加古川郵便局,2023/12/23 03:22:34,30,到着
494736277571,加古川郵便局,2023/12/23 18:47:38,65,調査中
494736277571,加古川郵便局,2023/12/24 16:35:22,50,持ち出し中
494736277571,加古川郵便局,2023/12/24 17:15:00,52,お届け先にお届け済み
494736277615,荒川郵便局,2023/12/22 02:40:04,30,到着
494736277615,荒川郵便局,2023/12/22 08:25:47,50,持ち出し中
494736277615,荒川郵便局,2023/12/22 10:32:26,52,お届け先にお届け済み
494736277906,布施郵便局,2023/12/22 23:25:15,30,到着
494736277906,布施郵便局,2023/12/23 09:09:44,50,持ち出し中
494736277906,布施郵便局,2023/12/23 10:09:15,52,お届け先にお届け済み
494736278223,岩国郵便局（玖珂）,2023/12/23 08:40:15,30,到着
494736278223,岩国郵便局（玖珂）,2023/12/23 09:39:18,50,持ち出し中
494736278223,岩国郵便局（玖珂）,2023/12/23 11:41:26,52,お届け先にお届け済み
494736278271,交野郵便局,2023/12/22 19:34:00,30,到着
494736278271,交野郵便局,2023/12/23 12:12:14,50,持ち出し中
494736278271,交野郵便局,2023/12/23 14:30:02,52,お届け先にお届け済み
494736278444,宜野湾郵便局,2023/12/25 21:12:09,30,到着
494736278444,宜野湾郵便局,2023/12/26 08:24:17,50,持ち出し中
494736278610,宇品郵便局,2023/12/23 03:27:45,30,到着
494736278610,宇品郵便局,2023/12/23 08:28:33,50,持ち出し中
494736278610,宇品郵便局,2023/12/23 11:01:10,52,お届け先にお届け済み
494736278643,小平郵便局,2023/12/22 06:54:06,30,到着
494736278750,印西郵便局,2023/12/22 05:17:03,30,到着
494736278750,印西郵便局,2023/12/22 20:23:21,65,調査中
494736278750,印西郵便局,2023/12/22 23:10:32,60,※保管
494736278794,長府郵便局,2023/12/23 06:56:58,30,到着
494736278794,長府郵便局,2023/12/23 09:15:44,50,持ち出し中
494736278794,長府郵便局,2023/12/23 11:30:00,52,お届け先にお届け済み
494736279170,さいたま中央郵便局,2023/12/22 05:46:40,30,到着
494736279170,さいたま中央郵便局,2023/12/22 14:56:47,50,持ち出し中
494736279170,さいたま中央郵便局,2023/12/22 15:29:01,52,お届け先にお届け済み
494736279192,龍野郵便局（太子）,2023/12/23 08:02:29,30,到着
494736279192,龍野郵便局（太子）,2023/12/23 08:14:38,50,持ち出し中
494736279192,龍野郵便局（太子）,2023/12/23 15:54:39,52,お届け先にお届け済み
494736279236,沼津郵便局,2023/12/22 05:58:40,30,到着
494736279236,沼津郵便局,2023/12/22 08:30:33,50,持ち出し中
494736279236,沼津郵便局,2023/12/22 11:44:08,52,お届け先にお届け済み
494736279284,熱田郵便局,2023/12/22 06:34:26,30,到着
494736279284,熱田郵便局,2023/12/22 08:13:11,50,持ち出し中
494736279284,熱田郵便局,2023/12/22 08:13:31,65,調査中
494736279284,城東郵便局,2023/12/23 05:00:43,30,到着
494736279284,城東郵便局,2023/12/23 10:17:00,50,持ち出し中
494736279284,城東郵便局,2023/12/23 15:15:17,52,お届け先にお届け済み
494736279354,秦野郵便局,2023/12/22 07:10:51,30,到着
494736279354,秦野郵便局,2023/12/22 09:27:10,50,持ち出し中
494736279354,秦野郵便局,2023/12/22 11:54:31,52,お届け先にお届け済み
494736279516,真岡郵便局,2023/12/22 06:03:23,30,到着
494736279516,真岡郵便局,2023/12/22 08:21:14,50,持ち出し中
494736279516,真岡郵便局,2023/12/22 14:44:58,52,お届け先にお届け済み
494736279844,千種郵便局,2023/12/22 05:38:13,30,到着
494736279844,千種郵便局,2023/12/22 08:18:37,50,持ち出し中
494736279844,千種郵便局,2023/12/22 10:44:06,52,お届け先にお届け済み
494736280242,立川郵便局,2023/12/22 05:50:59,30,到着
494736280242,立川郵便局,2023/12/22 09:28:57,50,持ち出し中
494736280242,立川郵便局,2023/12/22 20:42:38,52,お届け先にお届け済み
494736280592,太田郵便局,2023/12/22 05:57:10,30,到着
494736280592,太田郵便局,2023/12/22 08:32:10,50,持ち出し中
494736280592,太田郵便局,2023/12/22 12:23:13,52,お届け先にお届け済み
494736280872,渋谷郵便局,2023/12/21 23:53:00,30,到着
494736280872,渋谷郵便局,2023/12/22 10:52:45,50,持ち出し中
494736280872,渋谷郵便局,2023/12/22 11:50:27,52,お届け先にお届け済み
494736281023,両津郵便局（金井）,2023/12/23 07:29:49,30,到着
494736281023,両津郵便局（金井）,2023/12/23 09:09:13,50,持ち出し中
494736281023,両津郵便局（金井）,2023/12/23 10:41:19,52,お届け先にお届け済み
494736281163,上尾郵便局,2023/12/22 03:37:22,30,到着
494736281163,上尾郵便局,2023/12/22 17:27:40,64,保管
494736281163,上尾郵便局,2023/12/22 08:26:28,50,持ち出し中
494736281163,上尾郵便局,2023/12/23 10:21:33,50,持ち出し中
494736281163,上尾郵便局,2023/12/23 12:50:05,52,お届け先にお届け済み
494736281233,大和郡山郵便局,2023/12/23 00:06:22,30,到着
494736281233,大和郡山郵便局,2023/12/23 08:42:39,50,持ち出し中
494736281233,大和郡山郵便局,2023/12/23 10:49:58,52,お届け先にお届け済み
494736281351,能代郵便局,2023/12/22 14:18:34,30,到着
494736281351,能代郵便局,2023/12/23 09:00:03,50,持ち出し中
494736281351,能代郵便局,2023/12/23 12:29:13,52,お届け先にお届け済み
494736281395,調布郵便局,2023/12/22 06:02:03,30,到着
494736281395,調布郵便局,2023/12/22 08:51:07,50,持ち出し中
494736281395,調布郵便局,2023/12/22 16:12:08,52,お届け先にお届け済み
494736282036,岩見沢郵便局,2023/12/23 06:32:44,30,到着
494736282036,岩見沢郵便局,2023/12/23 14:48:29,50,持ち出し中
494736282036,岩見沢郵便局,2023/12/23 18:46:46,52,お届け先にお届け済み
494736282106,八幡南郵便局,2023/12/23 02:03:00,30,到着
494736282106,八幡南郵便局,2023/12/23 09:31:35,50,持ち出し中
494736282106,八幡南郵便局,2023/12/23 11:26:46,52,お届け先にお届け済み
494736282471,豊平郵便局,2023/12/23 06:08:23,30,到着
494736282471,豊平郵便局,2023/12/23 09:10:59,50,持ち出し中
494736282471,豊平郵便局,2023/12/23 12:32:33,52,お届け先にお届け済み
494736283053,那覇中央郵便局,2023/12/25 18:07:48,30,到着
494736283160,小山郵便局,2023/12/22 05:16:26,30,到着
494736283160,小山郵便局,2023/12/22 08:26:14,50,持ち出し中
494736283160,小山郵便局,2023/12/22 12:46:15,52,お届け先にお届け済み
494736283241,深谷郵便局,2023/12/22 07:18:08,30,到着
494736283241,深谷郵便局,2023/12/22 13:47:47,50,持ち出し中
494736283241,深谷郵便局,2023/12/22 15:31:56,52,お届け先にお届け済み
494736283576,広島中央郵便局（日浦）,2023/12/23 07:45:31,30,到着
494736283576,広島中央郵便局（日浦）,2023/12/23 08:10:06,50,持ち出し中
494736283576,広島中央郵便局（日浦）,2023/12/23 12:08:37,52,お届け先にお届け済み
494736284081,長岡西郵便局,2023/12/22 17:18:48,30,到着
494736284081,長岡西郵便局,2023/12/23 12:30:17,50,持ち出し中
494736284081,長岡西郵便局,2023/12/23 13:43:25,52,お届け先にお届け済み
494736284221,逗子郵便局,2023/12/22 07:02:48,30,到着
494736284221,逗子郵便局,2023/12/22 16:41:00,52,お届け先にお届け済み
494736284420,板橋北郵便局,2023/12/22 03:29:33,30,到着
494736284420,板橋北郵便局,2023/12/22 08:25:08,50,持ち出し中
494736284420,板橋北郵便局,2023/12/22 09:44:25,52,お届け先にお届け済み
494736284571,広島中央郵便局,2023/12/23 01:20:42,30,到着
494736284571,広島中央郵便局,2023/12/23 19:17:09,64,保管
494736284571,広島中央郵便局,2023/12/23 19:16:47,50,持ち出し中
494736284571,広島中央郵便局,2023/12/24 15:19:55,50,持ち出し中
494736284571,広島中央郵便局,2023/12/24 16:38:13,52,お届け先にお届け済み
494736284755,新宿北郵便局,2023/12/22 01:09:41,30,到着
494736284755,新宿北郵便局,2023/12/22 09:17:03,50,持ち出し中
494736284755,新宿北郵便局,2023/12/22 15:12:00,52,お届け先にお届け済み
494736284814,中原郵便局,2023/12/22 06:36:52,30,到着
494736284814,中原郵便局,2023/12/22 17:30:42,64,保管
494736284814,中原郵便局,2023/12/22 13:55:04,50,持ち出し中
494736284814,中原郵便局,2023/12/22 18:44:41,50,持ち出し中
494736284814,中原郵便局,2023/12/22 19:28:29,52,お届け先にお届け済み
494736285352,長岡郵便局,2023/12/22 16:08:14,30,到着
494736285352,長岡郵便局,2023/12/23 10:22:43,50,持ち出し中
494736285352,長岡郵便局,2023/12/23 13:09:09,52,お届け先にお届け済み
494736285890,城陽郵便局,2023/12/22 16:22:24,30,到着
494736285890,城陽郵便局,2023/12/23 08:49:32,50,持ち出し中
494736285890,城陽郵便局,2023/12/23 12:28:33,52,お届け先にお届け済み
494736286236,東山郵便局,2023/12/22 17:19:14,30,到着
494736286236,東山郵便局,2023/12/23 08:52:22,50,持ち出し中
494736286236,東山郵便局,2023/12/23 10:15:00,52,お届け先にお届け済み
494736286376,鶴見郵便局,2023/12/22 02:57:46,30,到着
494736286376,鶴見郵便局,2023/12/22 08:50:18,50,持ち出し中
494736286376,鶴見郵便局,2023/12/22 11:31:52,52,お届け先にお届け済み
494736286380,名古屋西郵便局,2023/12/22 04:40:38,30,到着
494736286380,名古屋西郵便局,2023/12/22 13:39:54,50,持ち出し中
494736286380,名古屋西郵便局,2023/12/22 15:28:19,52,お届け先にお届け済み
494736286505,姫路郵便局,2023/12/22 23:56:09,30,到着
494736286505,姫路郵便局,2023/12/23 09:11:19,50,持ち出し中
494736286505,姫路郵便局,2023/12/23 10:05:34,52,お届け先にお届け済み
494736286730,大森郵便局,2023/12/22 03:01:09,30,到着
494736286730,大森郵便局,2023/12/22 08:41:48,50,持ち出し中
494736286730,大森郵便局,2023/12/22 16:45:35,52,お届け先にお届け済み
494736287194,福山東郵便局,2023/12/23 06:51:50,30,到着
494736287194,福山東郵便局,2023/12/23 09:00:00,50,持ち出し中
494736287194,福山東郵便局,2023/12/23 16:06:26,52,お届け先にお届け済み
494736287216,古川郵便局,2023/12/22 16:13:26,30,到着
494736287216,古川郵便局,2023/12/23 08:40:37,50,持ち出し中
494736287216,古川郵便局,2023/12/23 15:37:31,52,お届け先にお届け済み
494736287275,淀川郵便局,2023/12/22 23:06:05,30,到着
494736287275,淀川郵便局,2023/12/23 08:20:39,50,持ち出し中
494736287275,淀川郵便局,2023/12/23 11:24:29,52,お届け先にお届け済み
494736287382,大泉郵便局,2023/12/22 07:08:12,30,到着
494736287382,大泉郵便局,2023/12/22 08:46:28,50,持ち出し中
494736287382,大泉郵便局,2023/12/22 10:00:18,52,お届け先にお届け済み
494736287776,大宮郵便局,2023/12/22 05:25:36,30,到着
494736287776,大宮郵便局,2023/12/22 08:52:19,50,持ち出し中
494736287776,大宮郵便局,2023/12/22 15:24:30,52,お届け先にお届け済み
494736287780,王子郵便局,2023/12/21 23:56:45,30,到着
494736287780,王子郵便局,2023/12/22 08:15:21,50,持ち出し中
494736287780,王子郵便局,2023/12/22 16:05:57,52,お届け先にお届け済み
494736287964,本所郵便局,2023/12/22 03:29:30,30,到着
494736287964,本所郵便局,2023/12/22 11:21:22,50,持ち出し中
494736287964,本所郵便局,2023/12/22 13:42:27,52,お届け先にお届け済み
494736288012,王寺郵便局,2023/12/23 21:30:58,30,到着
494736288012,王寺郵便局,2023/12/24 14:29:45,50,持ち出し中
494736288012,王寺郵便局,2023/12/24 15:21:43,52,お届け先にお届け済み
494736288303,堺郵便局,2023/12/23 03:03:23,30,到着
494736288303,堺郵便局,2023/12/23 11:22:00,52,お届け先にお届け済み
494736288406,粕屋南郵便局,2023/12/23 08:36:37,30,到着
494736288406,粕屋南郵便局,2023/12/23 10:30:38,50,持ち出し中
494736288406,粕屋南郵便局,2023/12/23 16:34:10,52,お届け先にお届け済み
494736288605,小松郵便局,2023/12/23 06:50:28,30,到着
494736288605,小松郵便局,2023/12/23 09:24:25,50,持ち出し中
494736288605,小松郵便局,2023/12/23 10:31:54,52,お届け先にお届け済み
494736288642,住吉郵便局,2023/12/22 20:34:28,30,到着
494736288642,住吉郵便局,2023/12/23 13:10:29,50,持ち出し中
494736288642,住吉郵便局,2023/12/23 16:28:07,52,お届け先にお届け済み
494736288686,久喜郵便局,2023/12/22 05:32:31,30,到着
494736288686,久喜郵便局,2023/12/22 09:33:41,50,持ち出し中
494736288686,久喜郵便局,2023/12/22 17:11:24,52,お届け先にお届け済み
494736288793,天王寺郵便局,2023/12/22 22:02:44,30,到着
494736288793,天王寺郵便局,2023/12/23 09:04:34,50,持ち出し中
494736288793,天王寺郵便局,2023/12/23 10:57:42,52,お届け先にお届け済み
494736288970,金沢南郵便局,2023/12/23 19:45:00,30,到着
494736288970,金沢南郵便局,2023/12/24 10:50:00,52,お届け先にお届け済み
494736289655,荏原郵便局,2023/12/22 02:20:41,30,到着
494736289821,相模原郵便局,2023/12/22 06:37:54,30,到着
494736289821,相模原郵便局,2023/12/22 17:09:15,63,配達希望受付
494736289821,相模原郵便局,2023/12/23 14:09:46,50,持ち出し中
494736289821,相模原郵便局,2023/12/23 15:08:17,52,お届け先にお届け済み
494736289891,宇和島郵便局（吉田）,2023/12/23 08:29:35,30,到着
494736289891,宇和島郵便局（吉田）,2023/12/23 09:07:14,50,持ち出し中
494736289891,宇和島郵便局（吉田）,2023/12/23 15:09:04,52,お届け先にお届け済み
494736290005,大船郵便局,2023/12/22 06:11:57,30,到着
494736290005,大船郵便局,2023/12/22 08:14:48,50,持ち出し中
494736290005,大船郵便局,2023/12/22 12:08:32,52,お届け先にお届け済み
494736290543,仙台北郵便局,2023/12/22 16:39:51,30,到着
494736290543,仙台北郵便局,2023/12/23 09:13:15,50,持ち出し中
494736290543,仙台北郵便局,2023/12/23 12:54:32,52,お届け先にお届け済み
494736290565,東海南郵便局,2023/12/22 21:07:34,30,到着
494736290565,東海南郵便局,2023/12/23 09:03:36,50,持ち出し中
494736290565,東海南郵便局,2023/12/23 17:54:03,52,お届け先にお届け済み
494736290580,深谷郵便局,2023/12/22 07:18:03,30,到着
494736290580,深谷郵便局,2023/12/22 08:34:51,50,持ち出し中
494736290580,深谷郵便局,2023/12/22 10:48:06,52,お届け先にお届け済み
494736290683,広島中央郵便局,2023/12/23 01:20:38,30,到着
494736290683,広島中央郵便局,2023/12/23 08:29:22,50,持ち出し中
494736290683,広島中央郵便局,2023/12/23 11:46:52,52,お届け先にお届け済み
494736291011,総和郵便局,2023/12/22 07:22:40,30,到着
494736291011,総和郵便局,2023/12/22 10:22:29,50,持ち出し中
494736291011,総和郵便局,2023/12/22 14:10:24,52,お届け先にお届け済み
494736291184,枚岡郵便局,2023/12/22 17:42:30,30,到着
494736291184,枚岡郵便局,2023/12/23 08:19:13,50,持ち出し中
494736291184,枚岡郵便局,2023/12/23 11:41:34,52,お届け先にお届け済み
494736291210,龍ケ崎郵便局,2023/12/22 05:27:40,30,到着
494736291210,龍ケ崎郵便局,2023/12/22 14:57:08,50,持ち出し中
494736291210,龍ケ崎郵便局,2023/12/22 16:35:40,52,お届け先にお届け済み
494736291512,鹿児島南郵便局,2023/12/23 04:30:35,30,到着
494736291512,鹿児島南郵便局,2023/12/23 09:57:41,50,持ち出し中
494736291512,鹿児島南郵便局,2023/12/23 16:05:55,52,お届け先にお届け済み
494736291582,目黒郵便局,2023/12/21 23:58:29,30,到着
494736291582,目黒郵便局,2023/12/22 14:09:57,50,持ち出し中
494736291582,目黒郵便局,2023/12/22 15:38:58,52,お届け先にお届け済み
494736291674,小岩郵便局,2023/12/21 23:10:36,30,到着
494736291674,小岩郵便局,2023/12/22 14:47:57,50,持ち出し中
494736291674,小岩郵便局,2023/12/22 15:30:59,52,お届け先にお届け済み
494736292245,川崎港郵便局,2023/12/22 02:47:52,30,到着
494736292245,川崎港郵便局,2023/12/22 11:15:38,50,持ち出し中
494736292245,川崎港郵便局,2023/12/22 13:17:31,52,お届け先にお届け済み
494736292890,名古屋中郵便局,2023/12/22 03:36:21,30,到着
494736292890,名古屋中郵便局,2023/12/22 08:18:48,50,持ち出し中
494736292890,名古屋中郵便局,2023/12/22 11:53:41,52,お届け先にお届け済み
494736292945,浜松東郵便局,2023/12/22 13:44:16,30,到着
494736292945,浜松東郵便局,2023/12/23 14:29:28,50,持ち出し中
494736292945,浜松東郵便局,2023/12/23 16:07:40,52,お届け先にお届け済み
494736292993,東成郵便局,2023/12/22 20:07:08,30,到着
494736292993,東成郵便局,2023/12/23 08:29:04,50,持ち出し中
494736292993,東成郵便局,2023/12/23 16:12:27,52,お届け先にお届け済み
494736293225,仙台北郵便局,2023/12/22 16:40:00,30,到着
494736293225,仙台北郵便局,2023/12/23 09:05:50,50,持ち出し中
494736293225,仙台北郵便局,2023/12/23 12:00:02,52,お届け先にお届け済み
494736293413,土浦郵便局（伊奈）,2023/12/22 09:06:02,50,持ち出し中
494736293413,土浦郵便局（伊奈）,2023/12/22 16:00:23,52,お届け先にお届け済み
494736294205,新宿郵便局,2023/12/22 03:33:16,30,到着
494736294205,新宿郵便局,2023/12/22 08:22:58,50,持ち出し中
494736294205,新宿郵便局,2023/12/22 16:29:32,52,お届け先にお届け済み
494736294404,荻窪郵便局,2023/12/22 06:22:26,30,到着
494736294404,荻窪郵便局,2023/12/22 08:35:01,50,持ち出し中
494736294404,荻窪郵便局,2023/12/22 11:31:08,52,お届け先にお届け済み
494736294566,浜松西郵便局,2023/12/23 05:05:30,30,到着
494736294566,浜松西郵便局（細江）,2023/12/23 10:47:00,50,持ち出し中
494736294566,浜松西郵便局（細江）,2023/12/23 11:32:21,52,お届け先にお届け済み
494736294953,川間郵便局,2023/12/22 08:31:08,30,到着
494736294953,川間郵便局,2023/12/22 09:29:04,50,持ち出し中
494736294953,川間郵便局,2023/12/22 11:44:30,52,お届け先にお届け済み
494736294986,深川郵便局,2023/12/21 22:43:34,30,到着
494736294986,深川郵便局,2023/12/22 08:32:28,50,持ち出し中
494736294986,深川郵便局,2023/12/22 12:57:12,52,お届け先にお届け済み
494736295620,釧路中央郵便局（釧路東）,2023/12/24 07:28:43,30,到着
494736295620,釧路中央郵便局（釧路東）,2023/12/24 11:04:27,50,持ち出し中
494736295620,釧路中央郵便局（釧路東）,2023/12/24 12:02:55,52,お届け先にお届け済み
494736295771,草加郵便局,2023/12/22 06:30:12,30,到着
494736295771,草加郵便局,2023/12/22 17:25:55,50,持ち出し中
494736295771,草加郵便局,2023/12/22 18:13:57,52,お届け先にお届け済み
494736295900,川越郵便局,2023/12/22 06:17:10,30,到着
494736295900,川越郵便局,2023/12/22 09:36:25,50,持ち出し中
494736295900,川越郵便局,2023/12/22 15:31:40,52,お届け先にお届け済み
494736295944,尼崎北郵便局,2023/12/25 17:28:39,30,到着
494736296434,渋谷郵便局,2023/12/21 23:52:56,30,到着
494736296434,渋谷郵便局,2023/12/22 10:50:14,50,持ち出し中
494736296434,渋谷郵便局,2023/12/22 12:50:24,52,お届け先にお届け済み
494736296504,荒川郵便局,2023/12/22 02:42:05,30,到着
494736296504,荒川郵便局,2023/12/22 08:24:48,50,持ち出し中
494736296504,荒川郵便局,2023/12/22 15:11:14,52,お届け先にお届け済み
494736296526,具志川郵便局,2023/12/26 07:05:57,30,到着
494736296736,新仙台郵便局（愛子）,2023/12/22 16:32:44,30,到着
494736296736,新仙台郵便局（愛子）,2023/12/23 11:06:41,64,保管
494736296736,新仙台郵便局（愛子）,2023/12/23 11:00:00,50,持ち出し中
494736296736,新仙台郵便局（愛子）,2023/12/24 09:31:32,50,持ち出し中
494736296736,新仙台郵便局（愛子）,2023/12/24 11:24:50,52,お届け先にお届け済み
494736297193,住之江郵便局,2023/12/22 18:49:54,30,到着
494736297193,住之江郵便局,2023/12/23 11:18:00,52,お届け先にお届け済み
494736297215,阿見郵便局,2023/12/22 07:37:47,30,到着
494736297215,阿見郵便局,2023/12/22 08:13:30,50,持ち出し中
494736297215,阿見郵便局,2023/12/22 12:14:40,52,お届け先にお届け済み
494736297274,須磨郵便局,2023/12/23 06:19:05,30,到着
494736297274,須磨郵便局,2023/12/23 13:42:31,50,持ち出し中
494736297274,須磨郵便局,2023/12/23 15:54:00,52,お届け先にお届け済み
494736297985,葛飾新宿郵便局,2023/12/21 22:27:44,30,到着
494736297985,葛飾新宿郵便局,2023/12/22 13:02:18,50,持ち出し中
494736297985,葛飾新宿郵便局,2023/12/22 13:39:36,52,お届け先にお届け済み
494736298733,高槻北郵便局,2023/12/22 19:42:26,30,到着
494736298733,高槻北郵便局,2023/12/23 08:17:19,50,持ち出し中
494736298733,高槻北郵便局,2023/12/23 10:18:46,52,お届け先にお届け済み
494736298825,大森郵便局,2023/12/22 03:01:30,30,到着
494736298825,大森郵便局,2023/12/22 09:01:02,50,持ち出し中
494736298825,大森郵便局,2023/12/22 12:08:07,52,お届け先にお届け済み
494736298965,杉並郵便局,2023/12/22 04:10:10,30,到着
494736298965,杉並郵便局,2023/12/22 11:29:00,50,持ち出し中
494736298965,杉並郵便局,2023/12/22 13:27:15,52,お届け先にお届け済み
494736299455,徳島中央郵便局,2023/12/22 16:03:00,30,到着
494736299455,徳島中央郵便局,2023/12/23 08:23:15,50,持ち出し中
494736299455,徳島中央郵便局,2023/12/23 15:55:32,52,お届け先にお届け済み
494736299503,真岡郵便局,2023/12/22 06:03:28,30,到着
494736299503,真岡郵便局,2023/12/22 09:00:00,50,持ち出し中
494736299503,真岡郵便局,2023/12/22 10:50:42,52,お届け先にお届け済み
494736299665,王寺郵便局,2023/12/23 21:30:59,30,到着
494736299665,王寺郵便局,2023/12/24 14:28:37,50,持ち出し中
494736299665,王寺郵便局,2023/12/24 15:25:28,52,お届け先にお届け済み
494736300693,足利郵便局,2023/12/22 06:45:52,30,到着
494736300693,足利郵便局（足利西）,2023/12/22 09:29:01,50,持ち出し中
494736300693,足利郵便局（足利西）,2023/12/22 12:38:56,52,お届け先にお届け済み
494736300715,葛飾郵便局,2023/12/21 22:06:54,30,到着
494736300715,葛飾郵便局,2023/12/22 14:24:26,50,持ち出し中
494736300715,葛飾郵便局,2023/12/22 15:15:12,52,お届け先にお届け済み
494736300881,天王寺郵便局,2023/12/22 22:02:46,30,到着
494736300881,天王寺郵便局,2023/12/23 15:46:03,50,持ち出し中
494736300881,天王寺郵便局,2023/12/23 15:56:41,52,お届け先にお届け済み
494736300914,城陽郵便局,2023/12/22 18:08:26,30,到着
494736300914,城陽郵便局,2023/12/23 13:14:53,50,持ち出し中
494736300914,城陽郵便局,2023/12/23 16:01:51,52,お届け先にお届け済み
494736301194,豊平郵便局,2023/12/23 05:49:41,30,到着
494736301194,豊平郵便局,2023/12/23 08:24:44,50,持ち出し中
494736301194,豊平郵便局,2023/12/23 10:15:08,52,お届け先にお届け済み
494736301393,芝郵便局,2023/12/22 07:20:45,30,到着
494736301393,芝郵便局,2023/12/22 15:22:05,50,持ち出し中
494736301393,芝郵便局,2023/12/22 15:37:37,52,お届け先にお届け済み
494736301544,中京郵便局,2023/12/22 15:13:56,30,到着
494736301544,中京郵便局,2023/12/23 14:58:13,50,持ち出し中
494736301544,中京郵便局,2023/12/23 17:17:44,52,お届け先にお届け済み
494736301592,川崎港郵便局,2023/12/22 02:46:52,30,到着
494736301592,川崎港郵便局,2023/12/22 08:48:59,50,持ち出し中
494736301592,川崎港郵便局,2023/12/22 11:14:26,52,お届け先にお届け済み
494736301975,港北郵便局,2023/12/22 07:21:57,30,到着
494736301975,港北郵便局,2023/12/22 08:26:05,50,持ち出し中
494736301975,港北郵便局,2023/12/22 12:24:50,52,お届け先にお届け済み
494736302060,吉川郵便局,2023/12/22 06:55:00,30,到着
494736302060,吉川郵便局,2023/12/22 13:35:38,50,持ち出し中
494736302060,吉川郵便局,2023/12/22 16:20:27,52,お届け先にお届け済み
494736302384,土佐中村郵便局（江川崎）,2023/12/23 08:56:14,30,到着
494736302384,土佐中村郵便局（江川崎）,2023/12/23 09:08:03,50,持ち出し中
494736302384,土佐中村郵便局（江川崎）,2023/12/23 11:29:49,52,お届け先にお届け済み
494736302745,世田谷郵便局,2023/12/21 23:19:09,30,到着
494736302745,世田谷郵便局,2023/12/22 08:27:32,50,持ち出し中
494736302745,世田谷郵便局,2023/12/22 16:47:22,52,お届け先にお届け済み
494736302782,習志野郵便局,2023/12/22 07:03:31,30,到着
494736302782,習志野郵便局,2023/12/22 10:22:33,50,持ち出し中
494736302782,習志野郵便局,2023/12/22 11:26:47,52,お届け先にお届け済み
494736302874,須坂郵便局,2023/12/22 12:21:00,30,到着
494736302874,須坂郵便局,2023/12/22 13:11:45,50,持ち出し中
494736302874,須坂郵便局,2023/12/22 16:34:46,52,お届け先にお届け済み
494736303025,江戸川郵便局,2023/12/22 00:26:51,30,到着
494736303025,江戸川郵便局,2023/12/22 08:40:27,50,持ち出し中
494736303025,江戸川郵便局,2023/12/22 15:42:58,52,お届け先にお届け済み
494736303364,大垣郵便局,2023/12/22 15:40:14,30,到着
494736303364,大垣郵便局,2023/12/23 16:38:42,64,保管
494736303364,大垣郵便局,2023/12/23 12:25:57,50,持ち出し中
494736303364,大垣郵便局,2023/12/23 18:09:43,50,持ち出し中
494736303364,大垣郵便局,2023/12/23 18:53:50,52,お届け先にお届け済み
494736303375,岸和田郵便局,2023/12/22 23:51:46,30,到着
494736303375,岸和田郵便局,2023/12/23 08:29:57,50,持ち出し中
494736303375,岸和田郵便局,2023/12/23 09:39:15,52,お届け先にお届け済み
494736303386,豊田北郵便局,2023/12/22 18:25:25,30,到着
494736303386,豊田北郵便局,2023/12/23 13:00:11,50,持ち出し中
494736303386,豊田北郵便局,2023/12/23 16:07:03,52,お届け先にお届け済み
494736303471,新見郵便局,2023/12/23 07:27:46,30,到着
494736303471,新見郵便局,2023/12/23 09:10:13,50,持ち出し中
494736303471,新見郵便局,2023/12/23 10:17:45,52,お届け先にお届け済み
494736303633,土浦郵便局,2023/12/22 08:57:00,50,持ち出し中
494736303633,土浦郵便局,2023/12/22 12:18:05,52,お届け先にお届け済み
494736303795,多賀郵便局,2023/12/22 05:46:37,30,到着
494736303795,多賀郵便局,2023/12/22 17:59:54,50,持ち出し中
494736303795,多賀郵便局,2023/12/22 18:05:19,52,お届け先にお届け済み
494736303891,鎌ケ谷郵便局,2023/12/22 17:52:14,30,到着
494736303891,鎌ケ谷郵便局,2023/12/22 18:01:24,50,持ち出し中
494736303891,鎌ケ谷郵便局,2023/12/22 18:45:01,52,お届け先にお届け済み
494736303924,羽生郵便局,2023/12/22 07:24:16,30,到着
494736303924,羽生郵便局,2023/12/22 08:54:50,50,持ち出し中
494736303924,羽生郵便局,2023/12/22 10:00:47,52,お届け先にお届け済み
494736303983,本所郵便局,2023/12/22 04:34:14,30,到着
494736304366,桶川郵便局,2023/12/22 07:07:25,30,到着
494736304366,桶川郵便局,2023/12/22 08:22:44,50,持ち出し中
494736304366,桶川郵便局,2023/12/22 11:42:24,52,お届け先にお届け済み
494736304451,むつ郵便局,2023/12/22 18:21:59,30,到着
494736304451,むつ郵便局,2023/12/23 10:35:41,50,持ち出し中
494736304451,むつ郵便局,2023/12/23 12:16:25,52,お届け先にお届け済み
494736304473,逗子郵便局,2023/12/22 07:02:47,30,到着
494736304473,逗子郵便局,2023/12/22 16:31:00,52,お届け先にお届け済み
494736304635,武蔵村山郵便局,2023/12/22 06:14:40,30,到着
494736304635,武蔵村山郵便局,2023/12/22 08:19:54,50,持ち出し中
494736304635,武蔵村山郵便局,2023/12/22 17:48:52,52,お届け先にお届け済み
494736304694,福岡南郵便局,2023/12/23 06:20:30,30,到着
494736304694,福岡南郵便局,2023/12/23 09:11:20,50,持ち出し中
494736304694,福岡南郵便局,2023/12/23 15:36:18,52,お届け先にお届け済み
494736304834,結城郵便局,2023/12/22 07:49:03,30,到着
494736304834,結城郵便局,2023/12/22 08:26:26,50,持ち出し中
494736304834,結城郵便局,2023/12/22 11:48:44,52,お届け先にお届け済み
494736304845,晴海郵便局,2023/12/22 03:01:55,30,到着
494736304845,晴海郵便局,2023/12/22 10:21:43,50,持ち出し中
494736304845,晴海郵便局,2023/12/22 10:50:51,52,お届け先にお届け済み
494736304893,水戸中央郵便局,2023/12/21 23:26:40,30,到着
494736304893,水戸中央郵便局,2023/12/22 10:35:23,50,持ち出し中
494736304893,水戸中央郵便局,2023/12/22 13:49:48,52,お届け先にお届け済み
494736304904,渋谷郵便局,2023/12/21 23:52:31,30,到着
494736304904,渋谷郵便局,2023/12/22 08:26:26,50,持ち出し中
494736304904,渋谷郵便局,2023/12/22 16:52:43,52,お届け先にお届け済み
494736305512,さいたま新都心郵便局,2023/12/22 03:08:01,30,到着
494736305512,さいたま新都心郵便局,2023/12/22 14:16:52,50,持ち出し中
494736305512,さいたま新都心郵便局,2023/12/22 15:09:02,52,お届け先にお届け済み
494736305700,長浜郵便局,2023/12/22 16:46:55,30,到着
494736305700,長浜郵便局,2023/12/23 08:42:14,50,持ち出し中
494736305700,長浜郵便局,2023/12/23 10:47:09,52,お届け先にお届け済み
494736305814,東灘郵便局,2023/12/23 04:06:35,30,到着
494736305814,東灘郵便局,2023/12/23 14:16:38,50,持ち出し中
494736305814,東灘郵便局,2023/12/23 16:00:52,52,お届け先にお届け済み
494736306164,西淀川郵便局,2023/12/22 14:13:26,30,到着
494736306164,西淀川郵便局,2023/12/23 08:38:49,50,持ち出し中
494736306164,西淀川郵便局,2023/12/23 14:53:41,52,お届け先にお届け済み
494736306326,盛岡北郵便局,2023/12/22 14:03:32,30,到着
494736306326,盛岡北郵便局,2023/12/23 08:20:40,50,持ち出し中
494736306326,盛岡北郵便局,2023/12/23 10:25:33,52,お届け先にお届け済み
494736306385,宮崎中央郵便局,2023/12/23 02:59:44,30,到着
494736306385,宮崎中央郵便局,2023/12/23 08:16:01,50,持ち出し中
494736306385,宮崎中央郵便局,2023/12/23 10:19:57,52,お届け先にお届け済み
494736306492,熊谷郵便局,2023/12/22 06:46:23,30,到着
494736306492,熊谷郵便局,2023/12/22 09:09:58,50,持ち出し中
494736306492,熊谷郵便局,2023/12/22 09:49:47,52,お届け先にお届け済み
494736306551,登戸郵便局,2023/12/22 06:17:45,30,到着
494736306551,登戸郵便局,2023/12/22 09:00:27,50,持ち出し中
494736306551,登戸郵便局,2023/12/22 10:53:40,52,お届け先にお届け済み
494736306562,近江八幡郵便局,2023/12/22 16:45:01,30,到着
494736306562,近江八幡郵便局,2023/12/23 15:27:45,50,持ち出し中
494736306562,近江八幡郵便局,2023/12/23 16:11:04,52,お届け先にお届け済み
494736306794,掛川郵便局,2023/12/23 06:25:15,30,到着
494736306794,掛川郵便局,2023/12/23 17:41:00,50,持ち出し中
494736306794,掛川郵便局,2023/12/23 17:43:59,52,お届け先にお届け済み
494736306831,鳩ヶ谷郵便局,2023/12/22 08:16:43,30,到着
494736306831,鳩ヶ谷郵便局,2023/12/22 14:02:59,50,持ち出し中
494736306831,鳩ヶ谷郵便局,2023/12/22 15:29:13,52,お届け先にお届け済み
494736307225,新潟中央郵便局,2023/12/22 16:18:23,30,到着
494736307225,新潟中央郵便局,2023/12/25 14:26:14,50,持ち出し中
494736307225,新潟中央郵便局,2023/12/25 17:23:09,52,お届け先にお届け済み
494736307273,宜野湾郵便局,2023/12/26 09:19:04,50,持ち出し中
494736307306,四街道郵便局,2023/12/22 05:43:01,30,到着
494736307306,四街道郵便局,2023/12/22 10:23:58,50,持ち出し中
494736307306,四街道郵便局,2023/12/22 15:20:05,52,お届け先にお届け済み
494736307310,光が丘郵便局,2023/12/22 03:01:50,30,到着
494736307310,光が丘郵便局,2023/12/22 08:27:13,50,持ち出し中
494736307310,光が丘郵便局,2023/12/22 12:01:40,52,お届け先にお届け済み
494736307365,鶴見郵便局,2023/12/22 02:46:05,30,到着
494736307365,鶴見郵便局,2023/12/22 14:04:52,50,持ち出し中
494736307365,鶴見郵便局,2023/12/22 16:28:34,52,お届け先にお届け済み
494736307446,八戸西郵便局,2023/12/22 19:35:45,30,到着
494736307446,八戸西郵便局,2023/12/23 10:12:35,50,持ち出し中
494736307446,八戸西郵便局,2023/12/23 12:49:40,52,お届け先にお届け済み
494736307601,大宮郵便局,2023/12/22 05:19:15,30,到着
494736307601,大宮郵便局,2023/12/22 11:24:19,50,持ち出し中
494736307601,大宮郵便局,2023/12/22 13:17:12,52,お届け先にお届け済み
494736307612,磐田郵便局,2023/12/22 14:51:23,30,到着
494736307612,磐田郵便局,2023/12/23 10:00:23,50,持ち出し中
494736307612,磐田郵便局,2023/12/23 16:54:03,52,お届け先にお届け済み
494736308172,松本南郵便局,2023/12/22 08:18:28,12,中継
494736308172,豊科郵便局,2023/12/22 12:47:29,30,到着
494736308172,豊科郵便局,2023/12/22 13:59:24,50,持ち出し中
494736308172,豊科郵便局,2023/12/22 16:23:27,52,お届け先にお届け済み
494736308242,奈良西郵便局,2023/12/22 19:30:46,30,到着
494736308242,奈良西郵便局,2023/12/23 14:15:56,50,持ち出し中
494736308242,奈良西郵便局,2023/12/23 16:35:23,52,お届け先にお届け済み
494736308345,一宮郵便局,2023/12/22 04:14:40,30,到着
494736308345,一宮郵便局,2023/12/22 13:59:47,50,持ち出し中
494736308345,一宮郵便局,2023/12/22 15:31:01,52,お届け先にお届け済み
494736308452,印西郵便局,2023/12/22 05:17:07,30,到着
494736308452,印西郵便局,2023/12/22 09:04:14,50,持ち出し中
494736308452,印西郵便局,2023/12/22 10:04:03,52,お届け先にお届け済み
494736308544,熊本東郵便局,2023/12/23 02:14:35,30,到着
494736308544,熊本東郵便局,2023/12/23 08:26:20,50,持ち出し中
494736308544,熊本東郵便局,2023/12/23 09:48:57,52,お届け先にお届け済み
494736308555,八尾郵便局,2023/12/22 23:40:45,30,到着
494736308555,八尾郵便局,2023/12/23 12:38:57,50,持ち出し中
494736308555,八尾郵便局,2023/12/23 15:19:47,52,お届け先にお届け済み
494736308566,三春郵便局,2023/12/22 07:00:56,30,到着
494736308566,三春郵便局,2023/12/22 08:25:56,50,持ち出し中
494736308566,三春郵便局,2023/12/22 12:32:21,52,お届け先にお届け済み
494736308662,大府郵便局,2023/12/23 20:21:10,52,お届け先にお届け済み
494736308684,横浜泉郵便局,2023/12/22 06:07:06,30,到着
494736308684,横浜泉郵便局,2023/12/22 08:53:09,50,持ち出し中
494736308684,横浜泉郵便局,2023/12/22 12:10:10,52,お届け先にお届け済み
494736309082,札幌中央郵便局,2023/12/23 04:42:57,30,到着
494736309082,札幌中央郵便局,2023/12/23 09:38:19,50,持ち出し中
494736309082,札幌中央郵便局,2023/12/23 14:52:12,52,お届け先にお届け済み
494736309174,若葉郵便局,2023/12/22 07:37:48,50,持ち出し中
494736309325,富里郵便局,2023/12/22 07:38:07,30,到着
494736309325,富里郵便局,2023/12/22 09:21:28,50,持ち出し中
494736309325,富里郵便局,2023/12/22 14:36:53,52,お届け先にお届け済み
494736309373,枚方郵便局,2023/12/22 21:28:42,30,到着
494736309373,枚方郵便局,2023/12/23 07:56:40,50,持ち出し中
494736309373,枚方郵便局,2023/12/23 13:26:03,52,お届け先にお届け済み
494736309524,板橋北郵便局,2023/12/22 03:30:05,30,到着
494736309524,板橋北郵便局,2023/12/22 18:37:05,50,持ち出し中
494736309524,板橋北郵便局,2023/12/22 20:25:54,52,お届け先にお届け済み
494736309561,長岡郵便局,2023/12/22 16:22:22,30,到着
494736309561,長岡郵便局,2023/12/23 09:24:39,50,持ち出し中
494736309561,長岡郵便局,2023/12/23 16:09:53,52,お届け先にお届け済み
494736309782,備前郵便局,2023/12/23 06:35:05,30,到着
494736309782,備前郵便局,2023/12/23 10:08:59,50,持ち出し中
494736309782,備前郵便局,2023/12/23 11:39:03,52,お届け先にお届け済み
494736310062,所沢西郵便局,2023/12/22 04:22:00,30,到着
494736310062,所沢西郵便局,2023/12/22 08:17:52,50,持ち出し中
494736310062,所沢西郵便局,2023/12/22 11:42:38,52,お届け先にお届け済み
494736310121,川越郵便局,2023/12/22 06:17:06,30,到着
494736310121,川越郵便局,2023/12/22 15:30:00,52,お届け先にお届け済み
494736310132,高蔵寺郵便局,2023/12/22 06:58:03,30,到着
494736310132,高蔵寺郵便局,2023/12/22 09:13:42,50,持ち出し中
494736310132,高蔵寺郵便局,2023/12/22 17:27:38,52,お届け先にお届け済み
494736310191,燕郵便局（西川）,2023/12/22 17:15:27,30,到着
494736310191,燕郵便局（西川）,2023/12/23 08:43:53,50,持ち出し中
494736310191,燕郵便局（西川）,2023/12/23 11:58:36,52,お届け先にお届け済み
494736310305,三郷郵便局,2023/12/22 05:46:44,30,到着
494736310305,三郷郵便局,2023/12/22 10:11:00,50,持ち出し中
494736310305,三郷郵便局,2023/12/22 12:07:42,52,お届け先にお届け済み
494736311086,田浦郵便局,2023/12/22 07:27:09,30,到着
494736311086,田浦郵便局,2023/12/22 08:28:49,50,持ち出し中
494736311086,田浦郵便局,2023/12/22 10:12:22,52,お届け先にお届け済み
494736311226,春日部郵便局,2023/12/22 06:25:12,30,到着
494736311226,春日部郵便局（庄和）,2023/12/22 08:14:27,50,持ち出し中
494736311226,春日部郵便局（庄和）,2023/12/22 15:35:33,52,お届け先にお届け済み
494736311241,沖縄美里郵便局,2023/12/26 07:22:27,30,到着
494736311241,沖縄美里郵便局,2023/12/26 09:01:54,50,持ち出し中
494736311296,浪速郵便局,2023/12/22 13:18:41,30,到着
494736311296,浪速郵便局,2023/12/23 14:31:34,50,持ち出し中
494736312033,座間郵便局,2023/12/22 17:00:00,30,到着
494736312033,座間郵便局,2023/12/23 10:10:12,50,持ち出し中
494736312033,座間郵便局,2023/12/23 14:14:29,52,お届け先にお届け済み
494736312103,知立郵便局,2023/12/22 19:05:30,30,到着
494736312103,知立郵便局,2023/12/23 14:08:29,50,持ち出し中
494736312103,知立郵便局,2023/12/23 17:53:36,52,お届け先にお届け済み
494736312125,岡崎郵便局（岩津）,2023/12/23 07:36:34,30,到着
494736312125,岡崎郵便局（岩津）,2023/12/23 14:19:59,50,持ち出し中
494736312125,岡崎郵便局（岩津）,2023/12/23 17:32:40,52,お届け先にお届け済み
494736312195,水戸中央郵便局,2023/12/22 00:57:42,30,到着
494736312195,水戸中央郵便局,2023/12/22 08:05:20,50,持ち出し中
494736312195,水戸中央郵便局,2023/12/22 09:20:19,52,お届け先にお届け済み
494736312206,成城郵便局,2023/12/22 06:43:43,30,到着
494736312206,成城郵便局,2023/12/22 08:32:52,50,持ち出し中
494736312206,成城郵便局,2023/12/22 11:15:56,52,お届け先にお届け済み
494736312210,岡山中央郵便局,2023/12/23 01:01:16,30,到着
494736312210,岡山中央郵便局,2023/12/23 11:41:42,50,持ち出し中
494736312210,岡山中央郵便局,2023/12/23 16:29:32,52,お届け先にお届け済み
494736312221,長浜郵便局（山東）,2023/12/23 08:17:09,30,到着
494736312221,長浜郵便局（山東）,2023/12/23 09:21:47,50,持ち出し中
494736312221,長浜郵便局（山東）,2023/12/23 10:01:32,52,お届け先にお届け済み
494736312280,川越西郵便局,2023/12/22 01:05:50,30,到着
494736312280,川越西郵便局,2023/12/22 08:16:19,50,持ち出し中
494736312280,川越西郵便局,2023/12/22 10:56:47,52,お届け先にお届け済み
494736312313,神奈川郵便局,2023/12/22 03:31:56,30,到着
494736312313,神奈川郵便局,2023/12/22 08:12:09,50,持ち出し中
494736312313,神奈川郵便局,2023/12/22 14:52:46,52,お届け先にお届け済み
494736312442,横浜南郵便局,2023/12/22 06:54:13,30,到着
494736312442,横浜南郵便局,2023/12/22 19:20:55,64,保管
494736312442,横浜南郵便局,2023/12/22 13:26:53,50,持ち出し中
494736312442,横浜南郵便局,2023/12/23 08:09:03,50,持ち出し中
494736312442,横浜南郵便局,2023/12/23 10:17:03,52,お届け先にお届け済み
494736312571,本郷郵便局,2023/12/21 22:48:11,30,到着
494736312571,本郷郵便局,2023/12/22 08:32:33,50,持ち出し中
494736312571,本郷郵便局,2023/12/22 11:39:17,52,お届け先にお届け済み
494736313035,王子郵便局,2023/12/21 23:56:25,30,到着
494736313035,王子郵便局,2023/12/22 08:37:56,50,持ち出し中
494736313035,王子郵便局,2023/12/22 12:47:12,52,お届け先にお届け済み
494736313116,横浜金沢郵便局,2023/12/22 07:14:19,30,到着
494736313116,横浜金沢郵便局,2023/12/22 16:14:44,64,保管
494736313116,横浜金沢郵便局,2023/12/22 14:01:09,50,持ち出し中
494736313116,横浜金沢郵便局,2023/12/22 16:40:28,50,持ち出し中
494736313116,横浜金沢郵便局,2023/12/22 20:16:50,52,お届け先にお届け済み
494736313186,蒲田郵便局,2023/12/22 03:26:17,30,到着
494736313186,蒲田郵便局,2023/12/22 08:48:46,50,持ち出し中
494736313186,蒲田郵便局,2023/12/22 11:18:21,52,お届け先にお届け済み
494736313411,神奈川郵便局,2023/12/22 03:33:51,30,到着
494736313411,神奈川郵便局,2023/12/22 17:19:31,50,持ち出し中
494736313411,神奈川郵便局,2023/12/22 19:55:44,52,お届け先にお届け済み
494736313481,宮津郵便局（野田川）,2023/12/23 09:14:04,30,到着
494736313481,宮津郵便局（野田川）,2023/12/23 09:50:36,50,持ち出し中
494736313481,宮津郵便局（野田川）,2023/12/23 13:08:56,52,お届け先にお届け済み
494736314026,浜松東郵便局,2023/12/22 13:44:04,30,到着
494736314026,浜松東郵便局,2023/12/23 11:03:57,50,持ち出し中
494736314026,浜松東郵便局,2023/12/23 15:04:35,52,お届け先にお届け済み
494736314096,都筑郵便局,2023/12/22 08:01:32,30,到着
494736314096,都筑郵便局,2023/12/22 09:25:35,50,持ち出し中
494736314096,都筑郵便局,2023/12/22 12:05:33,51,ご不在のため持ち戻り
494736314096,都筑郵便局,2023/12/22 15:15:52,60,※保管
494736314096,都筑郵便局,2023/12/23 08:07:58,60,※保管
494736314096,都筑郵便局,2023/12/23 09:23:13,50,持ち出し中
494736314096,都筑郵便局,2023/12/23 11:18:23,52,お届け先にお届け済み
494736314166,葉山郵便局,2023/12/22 07:03:50,30,到着
494736314166,葉山郵便局,2023/12/22 08:09:27,50,持ち出し中
494736314166,葉山郵便局,2023/12/22 15:12:20,52,お届け先にお届け済み
494736314273,名古屋港郵便局,2023/12/22 06:55:37,30,到着
494736314273,名古屋港郵便局,2023/12/22 09:13:21,50,持ち出し中
494736314273,名古屋港郵便局,2023/12/22 11:56:18,52,お届け先にお届け済み
494736314295,北見郵便局,2023/12/23 23:37:53,30,到着
494736314295,北見郵便局,2023/12/24 08:53:37,50,持ち出し中
494736314295,北見郵便局,2023/12/24 10:44:04,52,お届け先にお届け済み
494736315172,座間郵便局,2023/12/22 06:34:58,30,到着
494736315172,座間郵便局,2023/12/22 08:58:34,50,持ち出し中
494736315172,座間郵便局,2023/12/22 16:09:31,52,お届け先にお届け済み
494736315286,淀川郵便局,2023/12/22 23:06:14,30,到着
494736315286,淀川郵便局,2023/12/23 20:02:50,65,調査中
494736315286,淀川郵便局,2023/12/24 09:36:36,50,持ち出し中
494736315286,淀川郵便局,2023/12/24 15:58:35,52,お届け先にお届け済み
494736315614,倉吉郵便局,2023/12/23 07:06:50,30,到着
494736315614,倉吉郵便局,2023/12/23 08:07:27,50,持ち出し中
494736315614,倉吉郵便局,2023/12/23 09:33:32,52,お届け先にお届け済み
494736316174,鉾田郵便局,2023/12/22 07:03:11,30,到着
494736316174,鉾田郵便局（大洋）,2023/12/22 10:13:00,50,持ち出し中
494736316174,鉾田郵便局（大洋）,2023/12/22 10:13:15,52,お届け先にお届け済み
494736316185,松阪郵便局,2023/12/22 16:52:33,30,到着
494736316185,松阪郵便局,2023/12/23 09:12:23,50,持ち出し中
494736316185,松阪郵便局,2023/12/23 11:30:11,52,お届け先にお届け済み
494736316513,津中央郵便局,2023/12/22 19:36:46,30,到着
494736316513,津中央郵便局,2023/12/23 09:53:34,64,保管
494736316513,津中央郵便局,2023/12/23 09:52:35,50,持ち出し中
494736316513,津中央郵便局,2023/12/25 09:07:54,50,持ち出し中
494736316513,津中央郵便局,2023/12/25 11:05:14,52,お届け先にお届け済み
494736316594,岩国郵便局（平生）,2023/12/24 16:21:14,30,到着
494736316594,岩国郵便局（平生）,2023/12/25 09:28:44,50,持ち出し中
494736316594,岩国郵便局（平生）,2023/12/25 12:46:30,52,お届け先にお届け済み
494736316620,川越西郵便局,2023/12/22 01:06:00,30,到着
494736316620,川越西郵便局,2023/12/22 08:11:43,50,持ち出し中
494736316620,川越西郵便局,2023/12/22 15:46:18,52,お届け先にお届け済み
494736317051,市原郵便局,2023/12/22 05:21:46,30,到着
494736317051,市原郵便局,2023/12/22 17:42:42,50,持ち出し中
494736317051,市原郵便局,2023/12/22 19:04:38,52,お届け先にお届け済み
494736317143,逗子郵便局,2023/12/22 07:03:24,30,到着
494736317143,逗子郵便局,2023/12/22 15:46:00,52,お届け先にお届け済み
494736317154,四日市郵便局,2023/12/22 18:51:32,30,到着
494736317154,四日市郵便局,2023/12/23 09:12:01,50,持ち出し中
494736317154,四日市郵便局,2023/12/23 16:14:23,52,お届け先にお届け済み
494736317165,山形中央郵便局,2023/12/22 20:02:26,30,到着
494736317165,山形中央郵便局,2023/12/23 08:59:36,50,持ち出し中
494736317165,山形中央郵便局,2023/12/23 10:43:40,52,お届け先にお届け済み
494736317261,板橋郵便局,2023/12/22 02:58:17,30,到着
494736317261,板橋郵便局,2023/12/22 11:11:00,50,持ち出し中
494736317261,板橋郵便局,2023/12/22 11:11:04,52,お届け先にお届け済み
494736318042,郡山郵便局,2023/12/22 04:58:59,30,到着
494736318042,郡山郵便局,2023/12/22 08:53:57,50,持ち出し中
494736318042,郡山郵便局,2023/12/22 16:23:53,52,お届け先にお届け済み
494736318241,中原郵便局,2023/12/22 06:44:48,30,到着
494736318241,中原郵便局,2023/12/22 10:17:17,50,持ち出し中
494736318241,中原郵便局,2023/12/22 15:58:57,52,お届け先にお届け済み
494736318263,須賀川郵便局,2023/12/22 06:59:14,30,到着
494736318263,須賀川郵便局,2023/12/22 07:59:38,50,持ち出し中
494736318263,須賀川郵便局,2023/12/22 14:52:17,52,お届け先にお届け済み
494736318414,佐野郵便局,2023/12/22 06:11:51,30,到着
494736318414,佐野郵便局,2023/12/22 09:18:39,50,持ち出し中
494736318414,佐野郵便局,2023/12/22 11:49:24,52,お届け先にお届け済み
494736319066,松戸南郵便局,2023/12/22 03:12:49,30,到着
494736319066,松戸南郵便局,2023/12/22 08:59:38,50,持ち出し中
494736319066,松戸南郵便局,2023/12/22 11:46:01,52,お届け先にお届け済み
494736319103,金谷郵便局,2023/12/22 06:29:32,30,到着
494736319103,金谷郵便局,2023/12/22 08:18:39,50,持ち出し中
494736319103,金谷郵便局,2023/12/22 12:37:52,52,お届け先にお届け済み
494736320061,落合郵便局,2023/12/22 03:01:45,30,到着
494736320061,落合郵便局,2023/12/22 08:31:25,50,持ち出し中
494736320061,落合郵便局,2023/12/22 12:14:39,52,お届け先にお届け済み
494736320175,相良郵便局,2023/12/22 07:32:39,30,到着
494736320175,相良郵便局,2023/12/22 08:15:53,50,持ち出し中
494736320175,相良郵便局,2023/12/22 11:33:58,52,お届け先にお届け済み
494736320492,蕨郵便局,2023/12/22 07:25:28,30,到着
494736320492,蕨郵便局,2023/12/22 08:11:08,50,持ち出し中
494736320492,蕨郵便局,2023/12/22 10:22:24,52,お届け先にお届け済み
494736322080,宇治郵便局,2023/12/22 12:40:02,30,到着
494736322080,宇治郵便局,2023/12/23 11:31:37,50,持ち出し中
494736322080,宇治郵便局,2023/12/23 15:20:31,52,お届け先にお届け済み
494736322415,厚木郵便局,2023/12/22 06:41:07,30,到着
494736322415,厚木郵便局,2023/12/22 08:46:43,50,持ち出し中
494736322415,厚木郵便局,2023/12/22 10:12:55,52,お届け先にお届け済み
494736323255,代々木郵便局,2023/12/22 01:27:43,30,到着
494736323255,代々木郵便局,2023/12/22 08:45:28,50,持ち出し中
